feature,model_count,avg_rank,worst_rank,avg_relative_mean_abs_shap,max_relative_mean_abs_shap,feature_type,train_target_spearman,target_correlation_direction,abs_train_target_spearman,pruning_candidate
basket_type,1,173.0,173,0.0,0.0,categorical,,categorical_not_ordered,,False
is_single_underlying,1,138.0,138,0.0,0.0,numeric,-0.35237911432855334,negative,0.35237911432855334,False
is_worst_of,1,139.0,139,0.0,0.0,numeric,0.35237911432855334,positive,0.35237911432855334,False
pair_BSKR_DRC,1,136.0,136,0.0,0.0,numeric,0.029212002552118286,mixed_or_flat,0.029212002552118286,False
pair_BSKR_JEDI,1,135.0,135,0.0,0.0,numeric,0.025221143400723695,mixed_or_flat,0.025221143400723695,False
pair_BSKR_KYBR,1,134.0,134,0.0,0.0,numeric,0.026028045680501075,mixed_or_flat,0.026028045680501075,False
pair_CLNE_JEDI,1,163.0,163,0.0,0.0,numeric,0.016845826512038503,mixed_or_flat,0.016845826512038503,False
pair_CLNE_MNDO,1,140.0,140,0.0,0.0,numeric,0.02937414086021484,mixed_or_flat,0.02937414086021484,False
pair_CLNE_POBK,1,141.0,141,0.0,0.0,numeric,0.04854099317656859,mixed_or_flat,0.04854099317656859,False
pair_CLNE_REBL,1,162.0,162,0.0,0.0,numeric,-0.01974184013003687,mixed_or_flat,0.01974184013003687,False
pair_CLNE_TECH,1,160.0,160,0.0,0.0,numeric,0.02907346735097694,mixed_or_flat,0.02907346735097694,False
pair_CLNE_WOOK,1,161.0,161,0.0,0.0,numeric,0.027429495919573606,mixed_or_flat,0.027429495919573606,False
pair_CORL_JEDI,1,159.0,159,0.0,0.0,numeric,0.022208089347832423,mixed_or_flat,0.022208089347832423,False
pair_CORL_KYBR,1,158.0,158,0.0,0.0,numeric,0.029580516014246754,mixed_or_flat,0.029580516014246754,False
pair_CORL_REBL,1,155.0,155,0.0,0.0,numeric,-0.012128801525108762,mixed_or_flat,0.012128801525108762,False
pair_DRC_MNDO,1,157.0,157,0.0,0.0,numeric,0.025425696450151133,mixed_or_flat,0.025425696450151133,False
pair_DRC_NABO,1,156.0,156,0.0,0.0,numeric,0.01280213658661063,mixed_or_flat,0.01280213658661063,False
pair_HTTX_KYBR,1,153.0,153,0.0,0.0,numeric,0.08045866481042918,positive,0.08045866481042918,False
pair_HTTX_NABO,1,152.0,152,0.0,0.0,numeric,0.09325962011499292,positive,0.09325962011499292,False
pair_HTTX_POBK,1,151.0,151,0.0,0.0,numeric,0.10067591729850497,positive,0.10067591729850497,False
pair_HTTX_SITH,1,150.0,150,0.0,0.0,numeric,0.08763918517236895,positive,0.08763918517236895,False
pair_HTTX_TECH,1,154.0,154,0.0,0.0,numeric,0.11064221874397863,positive,0.11064221874397863,False
pair_JEDI_MNDO,1,148.0,148,0.0,0.0,numeric,0.029559106096336125,mixed_or_flat,0.029559106096336125,False
pair_JEDI_POBK,1,149.0,149,0.0,0.0,numeric,0.042787875670231824,mixed_or_flat,0.042787875670231824,False
pair_JEDI_TECH,1,144.0,144,0.0,0.0,numeric,0.036488946853586286,mixed_or_flat,0.036488946853586286,False
pair_KYBR_MNDO,1,147.0,147,0.0,0.0,numeric,0.03580591401776534,mixed_or_flat,0.03580591401776534,False
pair_KYBR_NABO,1,146.0,146,0.0,0.0,numeric,0.028409657868938943,mixed_or_flat,0.028409657868938943,False
pair_KYBR_SITH,1,145.0,145,0.0,0.0,numeric,0.026856558519649954,mixed_or_flat,0.026856558519649954,False
pair_MNDO_NABO,1,142.0,142,0.0,0.0,numeric,0.02369140725689665,mixed_or_flat,0.02369140725689665,False
pair_MNDO_REBL,1,143.0,143,0.0,0.0,numeric,-0.01549519734541508,mixed_or_flat,0.01549519734541508,False
pair_NABO_REBL,1,170.0,170,0.0,0.0,numeric,-0.04538556313227816,mixed_or_flat,0.04538556313227816,False
pair_NABO_SITH,1,165.0,165,0.0,0.0,numeric,0.025907498820983994,mixed_or_flat,0.025907498820983994,False
pair_NABO_WOOK,1,169.0,169,0.0,0.0,numeric,0.03324993725424709,mixed_or_flat,0.03324993725424709,False
pair_POBK_SITH,1,168.0,168,0.0,0.0,numeric,0.03414841985053296,mixed_or_flat,0.03414841985053296,False
pair_POBK_TECH,1,167.0,167,0.0,0.0,numeric,0.04194321619477763,mixed_or_flat,0.04194321619477763,False
pair_POBK_WOOK,1,164.0,164,0.0,0.0,numeric,0.041947637258826595,mixed_or_flat,0.041947637258826595,False
pair_REBL_WOOK,1,171.0,171,0.0,0.0,numeric,-0.009174944356184815,mixed_or_flat,0.009174944356184815,False
pair_SITH_TECH,1,172.0,172,0.0,0.0,numeric,0.03852878606322619,mixed_or_flat,0.03852878606322619,False
pair_TECH_WOOK,1,166.0,166,0.0,0.0,numeric,0.022700890138467565,mixed_or_flat,0.022700890138467565,False
underlying_MNDO,1,137.0,137,0.0,0.0,numeric,0.012458791781186418,mixed_or_flat,0.012458791781186418,False
pair_DRC_WOOK,1,133.0,133,7.77906423813138e-06,7.77906423813138e-06,numeric,0.03469851973656231,mixed_or_flat,0.03469851973656231,False
pair_JEDI_NABO,1,132.0,132,8.230139820759526e-06,8.230139820759526e-06,numeric,0.02157103010589927,mixed_or_flat,0.02157103010589927,False
pair_HTTX_WOOK,1,131.0,131,9.310869335417921e-06,9.310869335417921e-06,numeric,0.10135646663488358,positive,0.10135646663488358,False
pair_MNDO_POBK,1,130.0,130,1.0185514521490929e-05,1.0185514521490929e-05,numeric,0.03190485459003718,mixed_or_flat,0.03190485459003718,False
pair_CORL_SITH,1,129.0,129,1.3264832986283434e-05,1.3264832986283434e-05,numeric,0.03325389834222027,mixed_or_flat,0.03325389834222027,False
pair_CORL_POBK,1,128.0,128,1.4397267980734086e-05,1.4397267980734086e-05,numeric,0.06194179354117199,positive,0.06194179354117199,False
pair_CLNE_CORL,1,127.0,127,1.477911346023373e-05,1.477911346023373e-05,numeric,0.05259361469189323,positive,0.05259361469189323,False
pair_BSKR_CLNE,1,126.0,126,1.6227856781953025e-05,1.6227856781953025e-05,numeric,0.039454636843594376,mixed_or_flat,0.039454636843594376,False
pair_BSKR_REBL,1,125.0,125,1.6904551045379804e-05,1.6904551045379804e-05,numeric,-0.024613694160280697,mixed_or_flat,0.024613694160280697,False
pair_DRC_HTTX,1,124.0,124,1.8828040919272748e-05,1.8828040919272748e-05,numeric,0.08999825248675317,positive,0.08999825248675317,False
pair_NABO_POBK,1,123.0,123,2.0561848129804036e-05,2.0561848129804036e-05,numeric,0.03658410749856371,mixed_or_flat,0.03658410749856371,False
pair_KYBR_REBL,1,122.0,122,2.226063456153094e-05,2.226063456153094e-05,numeric,-0.044506489728162964,mixed_or_flat,0.044506489728162964,False
pair_JEDI_KYBR,1,121.0,121,2.268794084997889e-05,2.268794084997889e-05,numeric,0.027496164294635358,mixed_or_flat,0.027496164294635358,False
pair_CLNE_SITH,1,120.0,120,2.687226214157973e-05,2.687226214157973e-05,numeric,0.0129629400344362,mixed_or_flat,0.0129629400344362,False
pair_POBK_REBL,1,119.0,119,2.90568492137367e-05,2.90568492137367e-05,numeric,-0.009028023291114087,mixed_or_flat,0.009028023291114087,False
pair_SITH_WOOK,1,118.0,118,2.97031014321234e-05,2.97031014321234e-05,numeric,0.022342674098515536,mixed_or_flat,0.022342674098515536,False
pair_BSKR_NABO,1,117.0,117,3.0119146319072053e-05,3.0119146319072053e-05,numeric,0.025278166249824038,mixed_or_flat,0.025278166249824038,False
pair_JEDI_WOOK,1,116.0,116,3.195776751390388e-05,3.195776751390388e-05,numeric,0.015334717099532741,mixed_or_flat,0.015334717099532741,False
underlying_KYBR,1,115.0,115,3.431204836222617e-05,3.431204836222617e-05,numeric,0.050031580993623974,positive,0.050031580993623974,False
underlying_DRC,1,114.0,114,3.8542753715965486e-05,3.8542753715965486e-05,numeric,0.023680401073235612,mixed_or_flat,0.023680401073235612,False
pair_CORL_TECH,1,113.0,113,3.9025826513721945e-05,3.9025826513721945e-05,numeric,0.0411549770465998,mixed_or_flat,0.0411549770465998,False
pair_BSKR_TECH,1,112.0,112,4.314168364036167e-05,4.314168364036167e-05,numeric,0.030621244679855525,mixed_or_flat,0.030621244679855525,False
pair_HTTX_JEDI,1,111.0,111,4.5520707126882966e-05,4.5520707126882966e-05,numeric,0.09811126975977293,positive,0.09811126975977293,False
pair_CLNE_HTTX,1,110.0,110,5.013445340454049e-05,5.013445340454049e-05,numeric,0.0974331986030481,positive,0.0974331986030481,False
pair_CORL_MNDO,1,109.0,109,5.198219031597823e-05,5.198219031597823e-05,numeric,0.029547048441553526,mixed_or_flat,0.029547048441553526,False
pair_CLNE_NABO,1,108.0,108,5.587708235836241e-05,5.587708235836241e-05,numeric,0.017999106504114185,mixed_or_flat,0.017999106504114185,False
pair_HTTX_MNDO,1,107.0,107,5.733565809128796e-05,5.733565809128796e-05,numeric,0.0840438116527247,positive,0.0840438116527247,False
pair_MNDO_WOOK,1,106.0,106,5.8873030645555934e-05,5.8873030645555934e-05,numeric,0.0383035471130098,mixed_or_flat,0.0383035471130098,False
underlying_NABO,1,105.0,105,5.9305628717377296e-05,5.9305628717377296e-05,numeric,0.10706785826196215,positive,0.10706785826196215,False
pair_KYBR_WOOK,1,104.0,104,5.972024251578212e-05,5.972024251578212e-05,numeric,0.03401949498940102,mixed_or_flat,0.03401949498940102,False
pair_BSKR_HTTX,1,103.0,103,5.97852214313516e-05,5.97852214313516e-05,numeric,0.10208891095976996,positive,0.10208891095976996,False
pair_DRC_POBK,1,102.0,102,6.233965077908458e-05,6.233965077908458e-05,numeric,0.04682994343383384,mixed_or_flat,0.04682994343383384,False
pair_DRC_SITH,1,101.0,101,6.533813200439667e-05,6.533813200439667e-05,numeric,0.03582310409498646,mixed_or_flat,0.03582310409498646,False
pair_CORL_NABO,1,100.0,100,7.256494983288775e-05,7.256494983288775e-05,numeric,0.03790315668305951,mixed_or_flat,0.03790315668305951,False
pair_KYBR_POBK,1,99.0,99,8.166406191231106e-05,8.166406191231106e-05,numeric,0.025282612391322047,mixed_or_flat,0.025282612391322047,False
pair_CORL_WOOK,1,98.0,98,8.432870881593728e-05,8.432870881593728e-05,numeric,0.02941399266303962,mixed_or_flat,0.02941399266303962,False
pair_CLNE_KYBR,1,97.0,97,8.626807246994662e-05,8.626807246994662e-05,numeric,0.03524425350710264,mixed_or_flat,0.03524425350710264,False
underlying_POBK,1,96.0,96,9.090649592049525e-05,9.090649592049525e-05,numeric,0.036186856671836444,mixed_or_flat,0.036186856671836444,False
pair_JEDI_REBL,1,95.0,95,0.000101240840709053,0.000101240840709053,numeric,-0.023848272358665226,mixed_or_flat,0.023848272358665226,False
underlying_WOOK,1,94.0,94,0.00011470587303092569,0.00011470587303092569,numeric,0.05332801075543604,positive,0.05332801075543604,False
pair_CLNE_DRC,1,93.0,93,0.00011858350833075839,0.00011858350833075839,numeric,0.024313023246432877,mixed_or_flat,0.024313023246432877,False
sector_concentration,1,92.0,92,0.0001385301006706124,0.0001385301006706124,numeric,-0.35136037936382625,negative,0.35136037936382625,False
underlying_SITH,1,91.0,91,0.000143684502195814,0.000143684502195814,numeric,0.042940545899905626,mixed_or_flat,0.042940545899905626,False
is_daily_observation,1,90.0,90,0.00015340468171304064,0.00015340468171304064,numeric,-0.06225066366432825,negative,0.06225066366432825,False
pair_DRC_REBL,1,89.0,89,0.00015716548168982764,0.00015716548168982764,numeric,-0.009376214449629803,mixed_or_flat,0.009376214449629803,False
pair_REBL_SITH,1,88.0,88,0.00016065423774379244,0.00016065423774379244,numeric,0.000593496526821006,mixed_or_flat,0.000593496526821006,False
pair_NABO_TECH,1,87.0,87,0.00016297360614724293,0.00016297360614724293,numeric,0.021971538724096077,mixed_or_flat,0.021971538724096077,False
pair_CORL_DRC,1,86.0,86,0.00018337803774147018,0.00018337803774147018,numeric,0.02751396159084487,mixed_or_flat,0.02751396159084487,False
pair_CORL_HTTX,1,85.0,85,0.0002008704959850908,0.0002008704959850908,numeric,0.0971713704224369,positive,0.0971713704224369,False
pair_BSKR_POBK,1,84.0,84,0.00021033159194221423,0.00021033159194221423,numeric,0.05514561602777869,positive,0.05514561602777869,False
underlying_JEDI,1,83.0,83,0.0002163061600734237,0.0002163061600734237,numeric,0.1239008792715472,positive,0.1239008792715472,False
pair_MNDO_TECH,1,82.0,82,0.00025530821080754334,0.00025530821080754334,numeric,0.03295766583571243,mixed_or_flat,0.03295766583571243,False
pair_DRC_JEDI,1,81.0,81,0.0002935576942151314,0.0002935576942151314,numeric,0.02613274287272927,mixed_or_flat,0.02613274287272927,False
pair_BSKR_WOOK,1,80.0,80,0.0003146196034068787,0.0003146196034068787,numeric,0.03627157789920929,mixed_or_flat,0.03627157789920929,False
underlying_CLNE,1,79.0,79,0.00032213693966613597,0.00032213693966613597,numeric,0.11152230731111935,positive,0.11152230731111935,False
pair_BSKR_CORL,1,78.0,78,0.0004096015630433662,0.0004096015630433662,numeric,0.030491513755197604,mixed_or_flat,0.030491513755197604,False
sector_count,1,77.0,77,0.00044104144110975824,0.00044104144110975824,numeric,0.35136037936382625,positive,0.35136037936382625,False
underlying_BSKR,1,76.0,76,0.00044627498225490055,0.00044627498225490055,numeric,0.03672156585934662,mixed_or_flat,0.03672156585934662,False
pair_REBL_TECH,1,75.0,75,0.0004857517787931806,0.0004857517787931806,numeric,-0.032672957008206036,mixed_or_flat,0.032672957008206036,False
pair_HTTX_REBL,1,74.0,74,0.000491605057697176,0.000491605057697176,numeric,0.08706303060484258,positive,0.08706303060484258,False
worst_of_realized_vol_top2_spread,1,73.0,73,0.000528851498538098,0.000528851498538098,numeric,0.3458848098461293,positive,0.3458848098461293,False
pair_BSKR_SITH,1,72.0,72,0.0007507029080792484,0.0007507029080792484,numeric,0.024446525672529633,mixed_or_flat,0.024446525672529633,False
basket_size,1,71.0,71,0.0009007467030691516,0.0009007467030691516,numeric,0.35136037936382625,positive,0.35136037936382625,False
underlying_CORL,1,70.0,70,0.0009239072277609441,0.0009239072277609441,numeric,0.07457224255088366,positive,0.07457224255088366,False
pair_BSKR_MNDO,1,69.0,69,0.0009523947870484281,0.0009523947870484281,numeric,0.0008719415021510626,mixed_or_flat,0.0008719415021510626,False
pair_JEDI_SITH,1,68.0,68,0.0010081954855061454,0.0010081954855061454,numeric,0.04807282318726482,mixed_or_flat,0.04807282318726482,False
worst_of_structural_base_vol_range,1,67.0,67,0.0010545499742712775,0.0010545499742712775,numeric,0.3749292904437324,positive,0.3749292904437324,False
worst_of_realized_vol_63d_range,1,66.0,66,0.0010648652148275393,0.0010648652148275393,numeric,0.3606265488456023,positive,0.3606265488456023,False
basket_complexity_score,1,65.0,65,0.0010803418138271186,0.0010803418138271186,numeric,0.35136037936382625,positive,0.35136037936382625,False
pair_DRC_KYBR,1,64.0,64,0.0011022122625970992,0.0011022122625970992,numeric,0.011077718239335585,mixed_or_flat,0.011077718239335585,False
structural_base_vol_top2_spread,1,63.0,63,0.0011353045908006369,0.0011353045908006369,numeric,0.35640352537446923,positive,0.35640352537446923,False
realized_vol_63d_top2_spread,1,62.0,62,0.0011572929600548198,0.0011572929600548198,numeric,0.3458848098461293,positive,0.3458848098461293,False
basket_realized_vol_trend_max,1,61.0,61,0.001264590764606947,0.001264590764606947,numeric,0.04659416403061965,mixed_or_flat,0.04659416403061965,False
protection_barrier_pct,1,60.0,60,0.001314599741296383,0.001314599741296383,numeric,-0.3108177141055571,negative,0.3108177141055571,False
basket_realized_vol_trend_mean,1,59.0,59,0.001347731618646885,0.001347731618646885,numeric,-0.011839611011000067,mixed_or_flat,0.011839611011000067,False
basket_realized_vol_zscore_max,1,58.0,58,0.0013747272775951947,0.0013747272775951947,numeric,0.03494485018885293,mixed_or_flat,0.03494485018885293,False
underlying_TECH,1,57.0,57,0.0014132124864957866,0.0014132124864957866,numeric,0.01693856916945707,mixed_or_flat,0.01693856916945707,False
pair_KYBR_TECH,1,56.0,56,0.0014301399323851278,0.0014301399323851278,numeric,0.0003714851629190851,mixed_or_flat,0.0003714851629190851,False
realized_vol_dispersion_ratio,1,55.0,55,0.0015367729208429616,0.0015367729208429616,numeric,0.34211638006802125,positive,0.34211638006802125,False
basket_realized_vol_21d_max,1,54.0,54,0.0017489248654055838,0.0017489248654055838,numeric,0.0040866327179555325,mixed_or_flat,0.0040866327179555325,False
realized_vol_63d_range,1,53.0,53,0.0017557948861362063,0.0017557948861362063,numeric,0.3606265488456023,positive,0.3606265488456023,False
has_multiple_sectors,1,52.0,52,0.0018041537596322956,0.0018041537596322956,numeric,0.35237911432855334,positive,0.35237911432855334,False
pair_MNDO_SITH,1,51.0,51,0.0019105237560744731,0.0019105237560744731,numeric,0.0074914143789827255,mixed_or_flat,0.0074914143789827255,False
pair_DRC_TECH,1,50.0,50,0.0019190096899067048,0.0019190096899067048,numeric,0.022224750742814957,mixed_or_flat,0.022224750742814957,False
quoted_implied_vol,1,49.0,49,0.0020095783512096878,0.0020095783512096878,numeric,-0.04688373408023709,mixed_or_flat,0.04688373408023709,False
worst_of_structural_vol_top2_spread,1,48.0,48,0.002068327626341679,0.002068327626341679,numeric,0.35640352537446923,positive,0.35640352537446923,False
basket_realized_vol_126d_max,1,47.0,47,0.0020961377969337175,0.0020961377969337175,numeric,0.010465006007553658,mixed_or_flat,0.010465006007553658,False
structural_base_vol_range,1,46.0,46,0.0022398304466457984,0.0022398304466457984,numeric,0.3749292904437324,positive,0.3749292904437324,False
protection_buffer_pct,1,45.0,45,0.002289355928592581,0.002289355928592581,numeric,0.3108177141055571,positive,0.3108177141055571,False
structural_vol_dispersion_ratio,1,44.0,44,0.002326760066805618,0.002326760066805618,numeric,0.3395410480486598,positive,0.3395410480486598,False
realized_vol_63d_mean,1,43.0,43,0.002331398611991147,0.002331398611991147,numeric,-0.1090573589434123,negative,0.1090573589434123,False
structural_base_vol_min,1,42.0,42,0.002343553723475659,0.002343553723475659,numeric,-0.2422425960684044,negative,0.2422425960684044,False
structural_base_vol_mean,1,41.0,41,0.0024899485673023185,0.0024899485673023185,numeric,-0.04858656368062599,mixed_or_flat,0.04858656368062599,False
second_highest_realized_vol_underlying,1,40.0,40,0.002693879881680328,0.002693879881680328,categorical,,categorical_not_ordered,,False
basket_realized_vol_126d_mean,1,39.0,39,0.0028500815660701404,0.0028500815660701404,numeric,-0.10860179416207734,negative,0.10860179416207734,False
realized_vol_63d_second_highest,1,38.0,38,0.003382342038313202,0.003382342038313202,numeric,0.10302958798253814,positive,0.10302958798253814,False
structural_base_vol_second_highest,1,37.0,37,0.003605991926259497,0.003605991926259497,numeric,0.13959761390807582,positive,0.13959761390807582,False
basket_realized_vol_21d_mean,1,36.0,36,0.003910078959756754,0.003910078959756754,numeric,-0.10544292228731851,negative,0.10544292228731851,False
worst_of_vol_pressure,1,35.0,35,0.003947599571915851,0.003947599571915851,numeric,0.40336474922214055,positive,0.40336474922214055,False
requested_year,1,34.0,34,0.004059195134231552,0.004059195134231552,numeric,0.010026380451806304,mixed_or_flat,0.010026380451806304,False
realized_vol_63d_max,1,33.0,33,0.00407626889086681,0.00407626889086681,numeric,-0.0019041771713730238,mixed_or_flat,0.0019041771713730238,False
basket_realized_vol_change_21d_mean,1,32.0,32,0.00429767297872389,0.00429767297872389,numeric,-0.015579999315163486,mixed_or_flat,0.015579999315163486,False
lowest_realized_vol_underlying,1,31.0,31,0.004763748408873169,0.004763748408873169,categorical,,categorical_not_ordered,,False
basket_realized_vol_zscore_mean,1,30.0,30,0.0052493057564819605,0.0052493057564819605,numeric,-0.025912632587623725,mixed_or_flat,0.025912632587623725,False
post_no_call_observation_count,1,29.0,29,0.005424393347919416,0.005424393347919416,numeric,0.03141490589214327,mixed_or_flat,0.03141490589214327,False
no_call_fraction_of_maturity,1,28.0,28,0.0054994383069052084,0.0054994383069052084,numeric,0.00425182625959308,mixed_or_flat,0.00425182625959308,False
realized_to_structural_vol_ratio,1,27.0,27,0.006057862163608369,0.006057862163608369,numeric,-0.05499105918224609,negative,0.05499105918224609,False
dominant_sector,1,26.0,26,0.006072583677816329,0.006072583677816329,categorical,,categorical_not_ordered,,False
realized_vol_63d_min,1,25.0,25,0.006223046976576841,0.006223046976576841,numeric,-0.270205558952747,negative,0.270205558952747,False
autocall_to_protection_ratio,1,24.0,24,0.008074751179584377,0.008074751179584377,numeric,0.3612758615071104,positive,0.3612758615071104,False
basket_realized_vol_change_21d_max,1,23.0,23,0.00879355008828228,0.00879355008828228,numeric,0.05619200687794252,positive,0.05619200687794252,False
underlying_HTTX,1,22.0,22,0.009471761448618974,0.009471761448618974,numeric,0.1717459980040885,positive,0.1717459980040885,False
estimated_observation_count,1,21.0,21,0.009473274494078438,0.009473274494078438,numeric,0.027951978097076953,mixed_or_flat,0.027951978097076953,False
structural_base_vol_max,1,20.0,20,0.009502057215205289,0.009502057215205289,numeric,0.09504405698417048,positive,0.09504405698417048,False
basket_signature,1,19.0,19,0.009677287671752145,0.009677287671752145,categorical,,categorical_not_ordered,,False
lowest_structural_vol_underlying,1,18.0,18,0.011251001788009318,0.011251001788009318,categorical,,categorical_not_ordered,,False
highest_realized_vol_underlying,1,17.0,17,0.017283691943712116,0.017283691943712116,categorical,,categorical_not_ordered,,False
highest_vol_sector,1,16.0,16,0.025031341715821696,0.025031341715821696,categorical,,categorical_not_ordered,,False
second_highest_structural_vol_underlying,1,15.0,15,0.026529307637743006,0.026529307637743006,categorical,,categorical_not_ordered,,False
barrier_gap_pct,1,14.0,14,0.027284897135726262,0.027284897135726262,numeric,0.21881677098158808,positive,0.21881677098158808,False
no_call_period_months,1,13.0,13,0.029389619054435937,0.029389619054435937,numeric,0.08659570098303557,positive,0.08659570098303557,False
highest_structural_vol_underlying,1,12.0,12,0.03026500610500018,0.03026500610500018,categorical,,categorical_not_ordered,,False
worst_of_pressure,1,11.0,11,0.03073881176922681,0.03073881176922681,numeric,0.4429619177916663,positive,0.4429619177916663,False
observation_interval_months,1,10.0,10,0.033354773816361885,0.033354773816361885,numeric,0.22021637873928096,positive,0.22021637873928096,False
autocall_barrier_pct,1,9.0,9,0.03473086779446627,0.03473086779446627,numeric,0.022699555835761928,mixed_or_flat,0.022699555835761928,False
underlying_REBL,1,8.0,8,0.035170108319528236,0.035170108319528236,numeric,-0.15916806781231177,negative,0.15916806781231177,False
autocall_barrier_above_par_pct,1,7.0,7,0.037369026194417385,0.037369026194417385,numeric,0.022699555835761928,mixed_or_flat,0.022699555835761928,False
callable_maturity_months,1,6.0,6,0.048783092146056965,0.048783092146056965,numeric,0.5035446047078381,positive,0.5035446047078381,False
observation_frequency_clean,1,5.0,5,0.04939716255221867,0.04939716255221867,categorical,,categorical_not_ordered,,False
nominal_maturity_bucket,1,4.0,4,0.05339643934033861,0.05339643934033861,categorical,,categorical_not_ordered,,False
product_type,1,3.0,3,0.08451325553917541,0.08451325553917541,categorical,,categorical_not_ordered,,False
primary_underlying,1,2.0,2,0.10314216865638363,0.10314216865638363,categorical,,categorical_not_ordered,,False
nominal_maturity_months,1,1.0,1,0.13752699877436028,0.13752699877436028,numeric,0.5125397080416637,positive,0.5125397080416637,False
