segment,feature,train_mean,validation_mean,train_p95,validation_p95,train_missing_rate,validation_missing_rate,missing_rate_delta,ks_statistic,ks_p_value,wasserstein_distance,validation_shift_in_train_sd,train_target_corr,validation_target_corr,abs_validation_shift_in_train_sd
single,requested_year,2018.480145498636,2022.0,2021.0,2022.0,0.0,0.0,0.0,1.0,5e-324,3.5198545013640494,2.053203020089488,0.0032266450906261956,,2.053203020089488
single,basket_realized_vol_zscore_mean,-0.009781387556356902,0.3129922952005212,2.5124057426937934,2.955599511653336,0.0,0.0,0.0,0.12683959388442534,6.603863572289982e-07,0.3257077193099779,0.2243191962877912,-0.1718736597286232,-0.05579428167011059,0.2243191962877912
single,basket_realized_vol_zscore_max,-0.009781387556356902,0.3129922952005212,2.5124057426937934,2.955599511653336,0.0,0.0,0.0,0.12683959388442534,6.603863572289982e-07,0.3257077193099779,0.2243191962877912,-0.1718736597286232,-0.05579428167011059,0.2243191962877912
single,underlying_JEDI,0.08184298272203698,0.05056179775280899,1.0,0.3499999999999659,0.0,0.0,0.0,0.03128118496922794,0.7455116624640109,0.03128118496922794,-0.11411270311268376,0.36290015964043465,0.3031519492792697,0.11411270311268376
single,observation_interval_months,3.351491794050145,3.6996611378633846,12.0,12.0,0.0,0.0,0.0,0.041162740269722,0.40510031336203284,0.3512367865202055,0.11126170924865467,0.23770508814679214,0.254891365803512,0.11126170924865467
single,underlying_HTTX,0.06880872991815702,0.09363295880149813,1.0,1.0,0.0,0.0,0.0,0.024824228883341126,0.931833783622515,0.024824228883341126,0.09806963256158456,-0.32857364521115756,-0.35255366567007396,0.09806963256158456
single,basket_realized_vol_change_21d_mean,-0.0001544582478535677,-0.007831298796860528,0.10467896882080108,0.09307522318573687,0.0,0.0,0.0,0.06078961619285382,0.06390778342428369,0.00992767416244688,-0.09678967141202219,-0.08554009554325519,0.015205452432138958,0.09678967141202219
single,basket_realized_vol_change_21d_max,-0.0001544582478535677,-0.007831298796860528,0.10467896882080108,0.09307522318573687,0.0,0.0,0.0,0.06078961619285382,0.06390778342428369,0.00992767416244688,-0.09678967141202219,-0.08554009554325519,0.015205452432138958,0.09678967141202219
single,underlying_REBL,0.06335253107002121,0.08614232209737828,1.0,1.0,0.0,0.0,0.0,0.02278979102735701,0.9657833195348693,0.02278979102735701,0.0935557049752384,-0.292682023946661,-0.3284260689007455,0.0935557049752384
single,quoted_implied_vol,0.278442800848742,0.2863325842696629,0.49084,0.53575,0.0,0.0,0.0,0.035481754203123717,0.5948203559078977,0.00891467940006789,0.07158105245077773,-0.5525581565610365,-0.544771995598632,0.07158105245077773
single,underlying_MNDO,0.07214307365868446,0.054307116104868915,1.0,1.0,0.0,0.0,0.0,0.017835957553815507,0.9980089367638162,0.017835957553815507,-0.06893798772521727,-0.10195793313564834,-0.09543814536353029,0.06893798772521727
single,quoted_to_realized_vol_ratio,0.8540546346935876,0.8710683511560061,1.21939621007349,1.200494044753431,0.0,0.0,0.0,0.09232624118306196,0.0007310539240831636,0.02888582159917813,0.0686791784565282,0.3167724056420868,0.27137447323004316,0.0686791784565282
single,underlying_KYBR,0.07396180660806305,0.056179775280898875,1.0,1.0,0.0,0.0,0.0,0.01778203132716416,0.9980966654743133,0.01778203132716416,-0.06794588599761303,0.09072709381284033,0.13034739078621785,0.06794588599761303
single,log_notional_credits,12.585099162680619,12.651359609890658,14.508658238524095,14.508658238524095,0.0,0.0,0.0,0.029935299880908206,0.7914967402418641,0.06785203649060445,0.06445398804431779,0.0023665943620911688,-0.06776625638191794,0.06445398804431779
single,underlying_NABO,0.05971506517126402,0.0749063670411985,1.0,1.0,0.0,0.0,0.0,0.015191301869934448,0.9998814291562345,0.015191301869934448,0.06410963429519495,0.340611522343605,0.3834031064206423,0.06410963429519495
single,implied_minus_realized_vol_mean,-0.08396540738507355,-0.07402163095862696,0.056281067857961935,0.059972148836804226,0.0,0.0,0.0,0.06672263641348586,0.03171859092451572,0.014751082912354463,0.0638846367646224,0.4231198760712656,0.39422511267760113,0.0638846367646224
single,structural_base_vol_mean,0.27123067596241285,0.2776966292134832,0.5,0.5,0.0,0.0,0.0,0.03618279514959133,0.5698499963684681,0.007557601724731022,0.062442161472972886,-0.5727806123412744,-0.5542536397700022,0.062442161472972886
single,structural_base_vol_min,0.27123067596241285,0.2776966292134832,0.5,0.5,0.0,0.0,0.0,0.03618279514959133,0.5698499963684681,0.007557601724731022,0.062442161472972886,-0.5727806123412744,-0.5542536397700022,0.062442161472972886
single,structural_base_vol_max,0.27123067596241285,0.2776966292134832,0.5,0.5,0.0,0.0,0.0,0.03618279514959133,0.5698499963684681,0.007557601724731022,0.062442161472972886,-0.5727806123412744,-0.5542536397700022,0.062442161472972886
single,realized_minus_structural_vol_mean,0.09117753227140275,0.08265758601480673,0.4465371155404158,0.48751255334991656,0.0,0.0,0.0,0.07166227877475068,0.016844159231865285,0.01566474740984664,-0.05541334421412862,-0.4387003385261257,-0.41506361650474405,0.05541334421412862
single,underlying_BSKR,0.06638375265231888,0.07865168539325842,1.0,1.0,0.0,0.0,0.0,0.012267932740939513,0.999999514746054,0.012267932740939513,0.04927836456530115,-0.05204304282732699,-0.03757295177666765,0.04927836456530115
single,quoted_minus_structural_vol_mean,0.007212124886329189,0.008635955056179775,0.056810000000000006,0.05880999999999998,0.0,0.0,0.0,0.033501242573790946,0.6662630318622199,0.0021380165139135332,0.04891548395671073,-0.05468723171010679,-0.10979886823244464,0.04891548395671073
single,callable_maturity_months,72.33986031483624,73.61797752808988,115.21971252566735,116.81971252566736,0.0,0.0,0.0,0.03208780779103426,0.7170512214382465,1.2927181392097924,0.04586185573030927,0.3073455381994235,0.36122560157824757,0.04586185573030927
single,nominal_maturity_months,72.33986031483624,73.61797752808988,115.21971252566735,116.81971252566736,0.0,0.0,0.0,0.03208780779103426,0.7170512214382465,1.2927181392097924,0.04586185573030927,0.3073455381994235,0.36122560157824757,0.04586185573030927
single,underlying_POBK,0.06729311912700818,0.07865168539325842,1.0,1.0,0.0,0.0,0.0,0.011358566266250203,0.9999999649111776,0.011358566266250203,0.04533833804393747,-0.1823055191740847,-0.18753142960876984,0.04533833804393747
single,underlying_DRC,0.06820248560169749,0.05805243445692884,1.0,1.0,0.0,0.0,0.0,0.010150051144768635,0.9999999996557231,0.010150051144768635,-0.040263113516127644,-0.06424789197699447,-0.03910108536598453,0.040263113516127644
single,underlying_WOOK,0.07578053955744164,0.08614232209737828,1.0,1.0,0.0,0.0,0.0,0.010361782539936581,0.9999999991313795,0.010361782539936581,0.03915327300777386,0.00414870109804575,0.07588987182774974,0.03915327300777386
single,underlying_TECH,0.07729615034859048,0.06741573033707865,1.0,1.0,0.0,0.0,0.0,0.009880420011511903,0.9999999999028474,0.009880420011511792,-0.03699689763038625,-0.08914099230213614,-0.057312702702621975,0.03699689763038625
single,quoted_to_structural_vol_ratio,1.0268097501335591,1.030019951977907,1.1828809523809523,1.1837222222222221,0.0,0.0,0.0,0.036149304124618364,0.5710356188395956,0.004181737522032068,0.03184421217205677,-0.005346661826570053,-0.06968625519270552,0.03184421217205677
single,notional_credits,590072.7493179751,625000.0,2000000.0,2000000.0,0.0,0.0,0.0,0.029935299880908206,0.7914967402418641,40138.22711001907,0.02471014973258084,-0.0026221865314294645,-0.08097717302069803,0.02471014973258084
single,autocall_to_protection_ratio,1.6250047651850825,1.6275967936331535,1.8450648597703776,1.8556820235986855,0.0,0.0,0.0,0.042509760647023886,0.3656950352843177,0.008703327632412869,0.020883373496727992,0.1624508091037264,0.08313823015092642,0.020883373496727992
single,barrier_gap_pct,0.48885762352227946,0.49056779026217234,0.62081,0.620825,0.0,0.0,0.0,0.04365753780796133,0.3341352869639361,0.006109813324432667,0.02073904107593342,0.19481734326789243,0.1290428251328104,0.02073904107593342
single,protection_barrier_pct,0.7873481054865111,0.7865398876404495,0.8441,0.844835,0.0,0.0,0.0,0.030375224361485084,0.776726249567015,0.0014579630304495852,-0.02056067198022657,0.0021339044106911723,0.07825886662019847,0.02056067198022657
single,protection_buffer_pct,0.21265189451348895,0.21346011235955054,0.2863,0.28969999999999996,0.0,0.0,0.0,0.030375224361485098,0.776726249567015,0.0014579630304495852,0.02056067198022445,-0.002133904410691178,-0.07825886662019847,0.02056067198022445
single,underlying_CORL,0.06850560775992726,0.06367041198501873,1.0,1.0,0.0,0.0,0.0,0.0048351957749084296,1.0,0.0048351957749084296,-0.0191408349773406,0.01969637364280644,0.04027655942844173,0.0191408349773406
single,underlying_CLNE,0.07790239466505001,0.07303370786516854,1.0,1.0,0.0,0.0,0.0,0.004868686799881505,1.0,0.004868686799881505,-0.018165526365421056,0.26229324217504973,0.27390053958234023,0.018165526365421056
single,autocall_barrier_above_par_pct,0.27620572900879053,0.27710767790262175,0.3880099999999999,0.384945,0.0,0.0,0.0,0.0361873363055199,0.5697004089130349,0.0027008282500769172,0.012410091129890112,0.22219392236390023,0.18597557134071657,0.012410091129890112
single,autocall_barrier_pct,1.2762057290087907,1.2771076779026218,1.38801,1.384945,0.0,0.0,0.0,0.0361873363055199,0.5697004089130349,0.0027008282500769172,0.012410091129888586,0.22219392236390023,0.18597557134071654,0.012410091129888586
single,basket_realized_vol_126d_mean,0.3658519801809916,0.36817489869291864,0.7599893100041236,0.8526921392715661,0.0,0.0,0.0,0.1064560478547012,5.422864474125369e-05,0.03221041612251262,0.012320841385825013,-0.5954495111136991,-0.6376552282291227,0.012320841385825013
single,basket_realized_vol_126d_max,0.3658519801809916,0.36817489869291864,0.7599893100041236,0.8526921392715661,0.0,0.0,0.0,0.1064560478547012,5.422864474125369e-05,0.03221041612251262,0.012320841385825013,-0.5954495111136991,-0.6376552282291227,0.012320841385825013
single,is_daily_observation,0.022734161867232493,0.024344569288389514,0.0,0.0,0.0,0.0,0.0,0.001610407421156923,1.0,0.001610407421156923,0.0108041332175879,-0.07527514533413282,-0.08658540334935269,0.0108041332175879
single,requested_month,6.4277053652622005,6.462546816479401,12.0,12.0,0.0,0.0,0.0,0.011164999494796324,0.9999999815394192,0.04924486253353359,0.010272963964085651,-0.027068306261722165,-0.0648323144751297,0.010272963964085651
single,basket_realized_vol_21d_mean,0.36276817649435494,0.364896370921286,0.7904720040467931,0.7472973811338468,0.0,0.0,0.0,0.05283124042809478,0.14766956848959148,0.012992434653850785,0.010245064952100116,-0.5939356469040212,-0.6170557006109113,0.010245064952100116
single,basket_realized_vol_21d_max,0.36276817649435494,0.364896370921286,0.7904720040467931,0.7472973811338468,0.0,0.0,0.0,0.05283124042809478,0.14766956848959148,0.012992434653850785,0.010245064952100116,-0.5939356469040212,-0.6170557006109113,0.010245064952100116
single,realized_vol_63d_mean,0.3624082082338156,0.36035421522828986,0.7964782051879085,0.7386661987398855,0.0,0.0,0.0,0.04997485334904572,0.19377404766085293,0.014368605634414871,-0.009845322498505012,-0.6076098026318986,-0.6348777884828036,0.009845322498505012
single,realized_vol_63d_min,0.3624082082338156,0.36035421522828986,0.7964782051879085,0.7386661987398855,0.0,0.0,0.0,0.04997485334904572,0.19377404766085293,0.014368605634414871,-0.009845322498505012,-0.6076098026318986,-0.6348777884828036,0.009845322498505012
single,realized_vol_63d_max,0.3624082082338156,0.36035421522828986,0.7964782051879085,0.7386661987398855,0.0,0.0,0.0,0.04997485334904572,0.19377404766085293,0.014368605634414871,-0.009845322498505012,-0.6076098026318986,-0.6348777884828036,0.009845322498505012
single,requested_quarter,2.4704455895725976,2.4775280898876404,4.0,4.0,0.0,0.0,0.0,0.005915990885900058,1.0,0.007935102340625277,0.006381282039897488,-0.02571950151867526,-0.0700631798680281,0.006381282039897488
single,estimated_observation_count,72.66500063591336,73.41107496532824,113.03162217659136,112.5979466119096,0.0,0.0,0.0,0.049363500232166624,0.20495845322470507,6.1911248138081785,0.003123231236688267,-0.06938087422160213,-0.07179742619008035,0.003123231236688267
single,post_no_call_observation_count,72.66500063591336,73.41107496532824,113.03162217659136,112.5979466119096,0.0,0.0,0.0,0.049363500232166624,0.20495845322470507,6.1911248138081785,0.003123231236688267,-0.06938087422160213,-0.07179742619008035,0.003123231236688267
single,realized_to_structural_vol_ratio,1.3423111240508054,1.3406008748993201,2.182463725173619,3.3212019731692863,0.0,0.0,0.0,0.11607932491175965,7.454246377234328e-06,0.10577784435184782,-0.0029031807566764914,-0.3393637278568036,-0.3254132577593198,0.0029031807566764914
single,basket_realized_vol_trend_mean,-0.0030838036866367036,-0.0032785277716325654,0.16009212754638016,0.11295683587247059,0.0,0.0,0.0,0.2057347987643515,1.5916510792120326e-17,0.02693233824535691,-0.002023415975083285,-0.11548784773664797,0.1445625179111347,0.002023415975083285
single,basket_realized_vol_trend_max,-0.0030838036866367036,-0.0032785277716325654,0.16009212754638016,0.11295683587247059,0.0,0.0,0.0,0.2057347987643515,1.5916510792120326e-17,0.02693233824535691,-0.002023415975083285,-0.11548784773664797,0.1445625179111347,0.002023415975083285
single,underlying_SITH,0.07881176113973931,0.07865168539325842,1.0,1.0,0.0,0.0,0.0,0.00016007574648091438,1.0,0.00016007574648091438,-0.0005940949041970268,-0.0030787576335456323,0.00310474428560049,0.0005940949041970268
single,no_call_period_months,0.0,0.0,0.0,0.0,0.0,0.0,0.0,0.0,1.0,0.0,,,,
single,no_call_fraction_of_maturity,0.0,0.0,0.0,0.0,0.0,0.0,0.0,0.0,1.0,0.0,,,,
single,no_call_observation_count,0.0,0.0,0.0,0.0,0.0,0.0,0.0,0.0,1.0,0.0,,,,
single,basket_size,1.0,1.0,1.0,1.0,0.0,0.0,0.0,0.0,1.0,0.0,,,,
single,is_worst_of,0.0,0.0,0.0,0.0,0.0,0.0,0.0,0.0,1.0,0.0,,,,
single,is_single_underlying,1.0,1.0,1.0,1.0,0.0,0.0,0.0,0.0,1.0,0.0,,,,
single,pair_BSKR_CLNE,0.0,0.0,0.0,0.0,0.0,0.0,0.0,0.0,1.0,0.0,,,,
single,pair_BSKR_CORL,0.0,0.0,0.0,0.0,0.0,0.0,0.0,0.0,1.0,0.0,,,,
single,pair_BSKR_DRC,0.0,0.0,0.0,0.0,0.0,0.0,0.0,0.0,1.0,0.0,,,,
single,pair_BSKR_HTTX,0.0,0.0,0.0,0.0,0.0,0.0,0.0,0.0,1.0,0.0,,,,
single,pair_BSKR_JEDI,0.0,0.0,0.0,0.0,0.0,0.0,0.0,0.0,1.0,0.0,,,,
single,pair_BSKR_KYBR,0.0,0.0,0.0,0.0,0.0,0.0,0.0,0.0,1.0,0.0,,,,
single,pair_BSKR_MNDO,0.0,0.0,0.0,0.0,0.0,0.0,0.0,0.0,1.0,0.0,,,,
single,pair_BSKR_NABO,0.0,0.0,0.0,0.0,0.0,0.0,0.0,0.0,1.0,0.0,,,,
single,pair_BSKR_POBK,0.0,0.0,0.0,0.0,0.0,0.0,0.0,0.0,1.0,0.0,,,,
single,pair_BSKR_REBL,0.0,0.0,0.0,0.0,0.0,0.0,0.0,0.0,1.0,0.0,,,,
single,pair_BSKR_SITH,0.0,0.0,0.0,0.0,0.0,0.0,0.0,0.0,1.0,0.0,,,,
single,pair_BSKR_TECH,0.0,0.0,0.0,0.0,0.0,0.0,0.0,0.0,1.0,0.0,,,,
single,pair_BSKR_WOOK,0.0,0.0,0.0,0.0,0.0,0.0,0.0,0.0,1.0,0.0,,,,
single,pair_CLNE_CORL,0.0,0.0,0.0,0.0,0.0,0.0,0.0,0.0,1.0,0.0,,,,
single,pair_CLNE_DRC,0.0,0.0,0.0,0.0,0.0,0.0,0.0,0.0,1.0,0.0,,,,
single,pair_CLNE_HTTX,0.0,0.0,0.0,0.0,0.0,0.0,0.0,0.0,1.0,0.0,,,,
single,pair_CLNE_JEDI,0.0,0.0,0.0,0.0,0.0,0.0,0.0,0.0,1.0,0.0,,,,
single,pair_CLNE_KYBR,0.0,0.0,0.0,0.0,0.0,0.0,0.0,0.0,1.0,0.0,,,,
single,pair_CLNE_MNDO,0.0,0.0,0.0,0.0,0.0,0.0,0.0,0.0,1.0,0.0,,,,
single,pair_CLNE_NABO,0.0,0.0,0.0,0.0,0.0,0.0,0.0,0.0,1.0,0.0,,,,
single,pair_CLNE_POBK,0.0,0.0,0.0,0.0,0.0,0.0,0.0,0.0,1.0,0.0,,,,
single,pair_CLNE_REBL,0.0,0.0,0.0,0.0,0.0,0.0,0.0,0.0,1.0,0.0,,,,
single,pair_CLNE_SITH,0.0,0.0,0.0,0.0,0.0,0.0,0.0,0.0,1.0,0.0,,,,
single,pair_CLNE_TECH,0.0,0.0,0.0,0.0,0.0,0.0,0.0,0.0,1.0,0.0,,,,
single,pair_CLNE_WOOK,0.0,0.0,0.0,0.0,0.0,0.0,0.0,0.0,1.0,0.0,,,,
single,pair_CORL_DRC,0.0,0.0,0.0,0.0,0.0,0.0,0.0,0.0,1.0,0.0,,,,
single,pair_CORL_HTTX,0.0,0.0,0.0,0.0,0.0,0.0,0.0,0.0,1.0,0.0,,,,
single,pair_CORL_JEDI,0.0,0.0,0.0,0.0,0.0,0.0,0.0,0.0,1.0,0.0,,,,
single,pair_CORL_KYBR,0.0,0.0,0.0,0.0,0.0,0.0,0.0,0.0,1.0,0.0,,,,
single,pair_CORL_MNDO,0.0,0.0,0.0,0.0,0.0,0.0,0.0,0.0,1.0,0.0,,,,
single,pair_CORL_NABO,0.0,0.0,0.0,0.0,0.0,0.0,0.0,0.0,1.0,0.0,,,,
single,pair_CORL_POBK,0.0,0.0,0.0,0.0,0.0,0.0,0.0,0.0,1.0,0.0,,,,
single,pair_CORL_REBL,0.0,0.0,0.0,0.0,0.0,0.0,0.0,0.0,1.0,0.0,,,,
single,pair_CORL_SITH,0.0,0.0,0.0,0.0,0.0,0.0,0.0,0.0,1.0,0.0,,,,
single,pair_CORL_TECH,0.0,0.0,0.0,0.0,0.0,0.0,0.0,0.0,1.0,0.0,,,,
single,pair_CORL_WOOK,0.0,0.0,0.0,0.0,0.0,0.0,0.0,0.0,1.0,0.0,,,,
single,pair_DRC_HTTX,0.0,0.0,0.0,0.0,0.0,0.0,0.0,0.0,1.0,0.0,,,,
single,pair_DRC_JEDI,0.0,0.0,0.0,0.0,0.0,0.0,0.0,0.0,1.0,0.0,,,,
single,pair_DRC_KYBR,0.0,0.0,0.0,0.0,0.0,0.0,0.0,0.0,1.0,0.0,,,,
single,pair_DRC_MNDO,0.0,0.0,0.0,0.0,0.0,0.0,0.0,0.0,1.0,0.0,,,,
single,pair_DRC_NABO,0.0,0.0,0.0,0.0,0.0,0.0,0.0,0.0,1.0,0.0,,,,
single,pair_DRC_POBK,0.0,0.0,0.0,0.0,0.0,0.0,0.0,0.0,1.0,0.0,,,,
single,pair_DRC_REBL,0.0,0.0,0.0,0.0,0.0,0.0,0.0,0.0,1.0,0.0,,,,
single,pair_DRC_SITH,0.0,0.0,0.0,0.0,0.0,0.0,0.0,0.0,1.0,0.0,,,,
single,pair_DRC_TECH,0.0,0.0,0.0,0.0,0.0,0.0,0.0,0.0,1.0,0.0,,,,
single,pair_DRC_WOOK,0.0,0.0,0.0,0.0,0.0,0.0,0.0,0.0,1.0,0.0,,,,
single,pair_HTTX_JEDI,0.0,0.0,0.0,0.0,0.0,0.0,0.0,0.0,1.0,0.0,,,,
single,pair_HTTX_KYBR,0.0,0.0,0.0,0.0,0.0,0.0,0.0,0.0,1.0,0.0,,,,
single,pair_HTTX_MNDO,0.0,0.0,0.0,0.0,0.0,0.0,0.0,0.0,1.0,0.0,,,,
single,pair_HTTX_NABO,0.0,0.0,0.0,0.0,0.0,0.0,0.0,0.0,1.0,0.0,,,,
single,pair_HTTX_POBK,0.0,0.0,0.0,0.0,0.0,0.0,0.0,0.0,1.0,0.0,,,,
single,pair_HTTX_REBL,0.0,0.0,0.0,0.0,0.0,0.0,0.0,0.0,1.0,0.0,,,,
single,pair_HTTX_SITH,0.0,0.0,0.0,0.0,0.0,0.0,0.0,0.0,1.0,0.0,,,,
single,pair_HTTX_TECH,0.0,0.0,0.0,0.0,0.0,0.0,0.0,0.0,1.0,0.0,,,,
single,pair_HTTX_WOOK,0.0,0.0,0.0,0.0,0.0,0.0,0.0,0.0,1.0,0.0,,,,
single,pair_JEDI_KYBR,0.0,0.0,0.0,0.0,0.0,0.0,0.0,0.0,1.0,0.0,,,,
single,pair_JEDI_MNDO,0.0,0.0,0.0,0.0,0.0,0.0,0.0,0.0,1.0,0.0,,,,
single,pair_JEDI_NABO,0.0,0.0,0.0,0.0,0.0,0.0,0.0,0.0,1.0,0.0,,,,
single,pair_JEDI_POBK,0.0,0.0,0.0,0.0,0.0,0.0,0.0,0.0,1.0,0.0,,,,
single,pair_JEDI_REBL,0.0,0.0,0.0,0.0,0.0,0.0,0.0,0.0,1.0,0.0,,,,
single,pair_JEDI_SITH,0.0,0.0,0.0,0.0,0.0,0.0,0.0,0.0,1.0,0.0,,,,
single,pair_JEDI_TECH,0.0,0.0,0.0,0.0,0.0,0.0,0.0,0.0,1.0,0.0,,,,
single,pair_JEDI_WOOK,0.0,0.0,0.0,0.0,0.0,0.0,0.0,0.0,1.0,0.0,,,,
single,pair_KYBR_MNDO,0.0,0.0,0.0,0.0,0.0,0.0,0.0,0.0,1.0,0.0,,,,
single,pair_KYBR_NABO,0.0,0.0,0.0,0.0,0.0,0.0,0.0,0.0,1.0,0.0,,,,
single,pair_KYBR_POBK,0.0,0.0,0.0,0.0,0.0,0.0,0.0,0.0,1.0,0.0,,,,
single,pair_KYBR_REBL,0.0,0.0,0.0,0.0,0.0,0.0,0.0,0.0,1.0,0.0,,,,
single,pair_KYBR_SITH,0.0,0.0,0.0,0.0,0.0,0.0,0.0,0.0,1.0,0.0,,,,
single,pair_KYBR_TECH,0.0,0.0,0.0,0.0,0.0,0.0,0.0,0.0,1.0,0.0,,,,
single,pair_KYBR_WOOK,0.0,0.0,0.0,0.0,0.0,0.0,0.0,0.0,1.0,0.0,,,,
single,pair_MNDO_NABO,0.0,0.0,0.0,0.0,0.0,0.0,0.0,0.0,1.0,0.0,,,,
single,pair_MNDO_POBK,0.0,0.0,0.0,0.0,0.0,0.0,0.0,0.0,1.0,0.0,,,,
single,pair_MNDO_REBL,0.0,0.0,0.0,0.0,0.0,0.0,0.0,0.0,1.0,0.0,,,,
single,pair_MNDO_SITH,0.0,0.0,0.0,0.0,0.0,0.0,0.0,0.0,1.0,0.0,,,,
single,pair_MNDO_TECH,0.0,0.0,0.0,0.0,0.0,0.0,0.0,0.0,1.0,0.0,,,,
single,pair_MNDO_WOOK,0.0,0.0,0.0,0.0,0.0,0.0,0.0,0.0,1.0,0.0,,,,
single,pair_NABO_POBK,0.0,0.0,0.0,0.0,0.0,0.0,0.0,0.0,1.0,0.0,,,,
single,pair_NABO_REBL,0.0,0.0,0.0,0.0,0.0,0.0,0.0,0.0,1.0,0.0,,,,
single,pair_NABO_SITH,0.0,0.0,0.0,0.0,0.0,0.0,0.0,0.0,1.0,0.0,,,,
single,pair_NABO_TECH,0.0,0.0,0.0,0.0,0.0,0.0,0.0,0.0,1.0,0.0,,,,
single,pair_NABO_WOOK,0.0,0.0,0.0,0.0,0.0,0.0,0.0,0.0,1.0,0.0,,,,
single,pair_POBK_REBL,0.0,0.0,0.0,0.0,0.0,0.0,0.0,0.0,1.0,0.0,,,,
single,pair_POBK_SITH,0.0,0.0,0.0,0.0,0.0,0.0,0.0,0.0,1.0,0.0,,,,
single,pair_POBK_TECH,0.0,0.0,0.0,0.0,0.0,0.0,0.0,0.0,1.0,0.0,,,,
single,pair_POBK_WOOK,0.0,0.0,0.0,0.0,0.0,0.0,0.0,0.0,1.0,0.0,,,,
single,pair_REBL_SITH,0.0,0.0,0.0,0.0,0.0,0.0,0.0,0.0,1.0,0.0,,,,
single,pair_REBL_TECH,0.0,0.0,0.0,0.0,0.0,0.0,0.0,0.0,1.0,0.0,,,,
single,pair_REBL_WOOK,0.0,0.0,0.0,0.0,0.0,0.0,0.0,0.0,1.0,0.0,,,,
single,pair_SITH_TECH,0.0,0.0,0.0,0.0,0.0,0.0,0.0,0.0,1.0,0.0,,,,
single,pair_SITH_WOOK,0.0,0.0,0.0,0.0,0.0,0.0,0.0,0.0,1.0,0.0,,,,
single,pair_TECH_WOOK,0.0,0.0,0.0,0.0,0.0,0.0,0.0,0.0,1.0,0.0,,,,
single,basket_complexity_score,0.0,0.0,0.0,0.0,0.0,0.0,0.0,0.0,1.0,0.0,,,,
single,worst_of_pressure,0.0,0.0,0.0,0.0,0.0,0.0,0.0,0.0,1.0,0.0,,,,
single,worst_of_vol_pressure,0.0,0.0,0.0,0.0,0.0,0.0,0.0,0.0,1.0,0.0,,,,
single,structural_base_vol_second_highest,,,,,1.0,1.0,0.0,,,,,,,
single,structural_base_vol_range,0.0,0.0,0.0,0.0,0.0,0.0,0.0,0.0,1.0,0.0,,,,
single,structural_base_vol_top2_spread,0.0,0.0,0.0,0.0,0.0,0.0,0.0,0.0,1.0,0.0,,,,
single,structural_vol_dispersion_ratio,0.0,0.0,0.0,0.0,0.0,0.0,0.0,0.0,1.0,0.0,,,,
single,sector_count,1.0,1.0,1.0,1.0,0.0,0.0,0.0,0.0,1.0,0.0,,,,
single,sector_concentration,1.0,1.0,1.0,1.0,0.0,0.0,0.0,0.0,1.0,0.0,,,,
single,has_multiple_sectors,0.0,0.0,0.0,0.0,0.0,0.0,0.0,0.0,1.0,0.0,,,,
single,realized_vol_63d_second_highest,,,,,1.0,1.0,0.0,,,,,,,
single,realized_vol_63d_top2_spread,0.0,0.0,0.0,0.0,0.0,0.0,0.0,0.0,1.0,0.0,,,,
single,worst_of_structural_base_vol_range,0.0,0.0,0.0,0.0,0.0,0.0,0.0,0.0,1.0,0.0,,,,
single,worst_of_structural_vol_top2_spread,0.0,0.0,0.0,0.0,0.0,0.0,0.0,0.0,1.0,0.0,,,,
single,worst_of_realized_vol_63d_range,0.0,0.0,0.0,0.0,0.0,0.0,0.0,0.0,1.0,0.0,,,,
single,worst_of_realized_vol_top2_spread,0.0,0.0,0.0,0.0,0.0,0.0,0.0,0.0,1.0,0.0,,,,
single,realized_vol_63d_range,0.0,0.0,0.0,0.0,0.0,0.0,0.0,0.0,1.0,0.0,,,,
single,realized_vol_dispersion_ratio,0.0,0.0,0.0,0.0,0.0,0.0,0.0,0.0,1.0,0.0,,,,
worst_of,requested_year,2018.5181315304242,2022.0,2021.0,2022.0,0.0,0.0,0.0,1.0,0.0,3.4818684695759066,2.0353881216703047,0.004508589484036336,,2.0353881216703047
worst_of,basket_realized_vol_zscore_max,0.5557916804632721,0.9109589426847453,2.836939692155086,3.203667274658154,0.0,0.0,0.0,0.16288411315751672,2.5771231963714924e-21,0.358543445020631,0.2528593783124933,0.031133823818370383,0.005972279125787329,0.2528593783124933
worst_of,basket_realized_vol_zscore_mean,0.0027688644102031638,0.30997018471098725,2.2646660672712495,2.698382235520631,0.0,0.0,0.0,0.1154600173791408,6.624101006631839e-11,0.3072013203007841,0.244602349185714,0.02817289701824546,0.025791300397285916,0.244602349185714
worst_of,basket_realized_vol_change_21d_mean,0.0011396577391403772,-0.008810292710820069,0.10140659010232475,0.0831001935677608,0.0,0.0,0.0,0.09484230431393606,1.6992655466316722e-07,0.010337735569646067,-0.16219280285651155,0.03348596572579687,-0.033958712787810465,0.16219280285651155
worst_of,realized_minus_structural_vol_mean,0.09482995603737289,0.07804305212244668,0.3162896628354884,0.2772791510617189,0.0,0.0,0.0,0.09854361387222799,4.653688223543033e-08,0.017010985187637193,-0.14554424303978894,0.11533321658695196,0.026645440178439665,0.14554424303978894
worst_of,implied_minus_realized_vol_mean,-0.08793772083966753,-0.07105036374441348,0.04528273733207039,0.04580895883306349,0.0,0.0,0.0,0.08586425901984471,3.1972642871718037e-06,0.01695678867968059,0.1429076509102197,-0.10207148716759733,-0.02735342961582138,0.1429076509102197
worst_of,realized_to_structural_vol_ratio,1.3469381356151109,1.29381793801877,2.087758974799124,2.0336773444304472,0.0,0.0,0.0,0.10788666822089887,1.4177896705928644e-09,0.05548360439385015,-0.12951980567472476,0.02747343018446265,-0.051393361886918426,0.12951980567472476
worst_of,basket_realized_vol_126d_mean,0.36886391612219677,0.3543368611170043,0.6252136634300881,0.615181081939553,0.0,0.0,0.0,0.09751452382802661,6.70409175218573e-08,0.015233467907494087,-0.11127005807960791,0.2075616301279319,0.18356391041847175,0.11127005807960791
worst_of,realized_vol_63d_max,0.4871040603448354,0.4600849146202023,1.0019313485680528,0.8795936756126193,0.0,0.0,0.0,0.08960442438072103,9.756116838499837e-07,0.031085274853302897,-0.11058661750846632,0.23627225859661763,0.17830703699136807,0.11058661750846632
worst_of,quoted_to_realized_vol_ratio,0.8240355576754693,0.8470420093194215,1.1763002770900424,1.1732611047549308,0.0,0.0,0.0,0.07989165118321803,1.9153857481606283e-05,0.02468688482528707,0.10041600341648832,-0.03240003224261847,0.027793244862919855,0.10041600341648832
worst_of,realized_vol_63d_mean,0.3660205419828759,0.35114490397429854,0.6610104174249826,0.591197105605092,0.0,0.0,0.0,0.05274145348960435,0.012866814043813252,0.017691893807645232,-0.09967721143092824,0.2031950738133781,0.15238701357291887,0.09967721143092824
worst_of,realized_vol_63d_top2_spread,0.2061282014503614,0.18541629721253391,0.666024111754113,0.5637994615114389,0.0,0.0,0.0,0.04770609470925269,0.032110714181598006,0.0234205763551141,-0.09706484151349615,0.21515849367716267,0.15494678472195383,0.09706484151349615
worst_of,worst_of_realized_vol_top2_spread,0.2061282014503614,0.18541629721253391,0.666024111754113,0.5637994615114389,0.0,0.0,0.0,0.04770609470925269,0.032110714181598006,0.0234205763551141,-0.09706484151349615,0.21515849367716267,0.15494678472195383,0.09706484151349615
worst_of,worst_of_realized_vol_63d_range,0.23464144467347206,0.21311906155122143,0.7069482653739025,0.6131733414997231,0.0,0.0,0.0,0.03362910841239897,0.2543527018892258,0.022286019408343336,-0.0967858021657605,0.22584785874363492,0.1656871683933577,0.0967858021657605
worst_of,realized_vol_63d_range,0.23464144467347206,0.21311906155122143,0.7069482653739025,0.6131733414997231,0.0,0.0,0.0,0.03362910841239897,0.2543527018892258,0.022286019408343336,-0.0967858021657605,0.22584785874363492,0.1656871683933577,0.0967858021657605
worst_of,callable_maturity_months,69.84851277656688,67.20516375966704,113.3141683778234,110.77402464065706,0.0,0.0,0.0,0.04682712935685404,0.037317160273970175,2.665707244343918,-0.09453340622267153,0.6711103964296594,0.6558183984722192,0.09453340622267153
worst_of,basket_realized_vol_change_21d_max,0.03329822690500671,0.02565087098728089,0.18368946290206734,0.1234692118084045,0.0,0.0,0.0,0.054148504522579965,0.009803492176319798,0.0096519658113952,-0.09440960350592519,0.07493329067537967,0.0337262713020162,0.09440960350592519
worst_of,nominal_maturity_months,72.0521083512442,69.50688789759808,115.4053388090349,113.4406570841889,0.0,0.0,0.0,0.046110651906171585,0.04209269729599944,2.598328519164431,-0.09143159563229286,0.6624567961321869,0.6461577855587228,0.09143159563229286
worst_of,observation_interval_months,3.3464600345362476,3.602125524539318,12.0,12.0,0.0,0.0,0.0,0.04163987971185479,0.08557728026467716,0.25769855118879137,0.07999769279796401,0.20672673684739318,0.23967907265989086,0.07999769279796401
worst_of,basket_realized_vol_21d_max,0.4853314253738762,0.46706524020606044,0.9899867125726833,0.9536031944960637,0.0,0.0,0.0,0.06263084397158114,0.001635681856914084,0.023513249196148188,-0.07641951767467536,0.2350481113806422,0.18865716571298383,0.07641951767467536
worst_of,pair_CORL_HTTX,0.016287645974185617,0.02586206896551724,0.0,0.0,0.0,0.0,0.0,0.009574422991331488,0.9999949919381494,0.0095744229913316,0.07563962849328969,0.10636870165101671,0.10399362098304714,0.07563962849328969
worst_of,pair_JEDI_REBL,0.020743700061462814,0.01053639846743295,0.0,0.0,0.0,0.0,0.0,0.010207301594029827,0.9999744252450921,0.010207301594029938,-0.0716175809780488,-0.06159629746971121,-0.03313606116073224,0.0716175809780488
worst_of,basket_realized_vol_21d_mean,0.3653856205109369,0.3549206463770701,0.6535912539995768,0.6269800623843194,0.0,0.0,0.0,0.04773906326902111,0.031928591395248056,0.014861539748366799,-0.07126292943641363,0.19841945207408826,0.15875926499433843,0.07126292943641363
worst_of,no_call_fraction_of_maturity,0.037157349286207744,0.0400930925309392,0.1231058134121023,0.1338928474640772,0.0,0.0,0.0,0.03891702990954837,0.12724523797847015,0.0030800957815154528,0.06763186194704976,-0.3511711853345878,-0.35827694133128035,0.06763186194704976
worst_of,pair_CORL_NABO,0.020590043023970498,0.011494252873563218,0.0,0.0,0.0,0.0,0.0,0.00909579015040729,0.9999988445190211,0.00909579015040729,-0.06405153582074564,0.00646007234741416,-0.010125514260594298,0.06405153582074564
worst_of,pair_NABO_SITH,0.01459741856177013,0.022030651340996167,0.0,0.0,0.0,0.0,0.0,0.007433232779226029,0.9999999993461546,0.007433232779226029,0.061977328896369865,-0.005974333038274525,0.014849983675975524,0.061977328896369865
worst_of,pair_CLNE_DRC,0.020129071911493546,0.011494252873563218,0.0,0.0,0.0,0.0,0.0,0.008634819037930286,0.9999997779954092,0.008634819037930397,-0.061483265872222324,-0.01078875951966808,-0.023977479887589047,0.061483265872222324
worst_of,realized_vol_dispersion_ratio,0.6075833549179248,0.5835334763090043,1.3323763898988066,1.2636423336410614,0.0,0.0,0.0,0.0436998259731024,0.062268948710091844,0.025692246557607178,-0.0604766391715301,0.1548222130426596,0.097660231259301,0.0604766391715301
worst_of,underlying_JEDI,0.16702519975414873,0.1446360153256705,1.0,1.0,0.0,0.0,0.0,0.02238918442847826,0.747943338521414,0.02238918442847826,-0.060024885789560216,-0.0056189462730558415,-0.013859995367829721,0.060024885789560216
worst_of,pair_CORL_SITH,0.018746158574062692,0.02681992337164751,0.0,0.0,0.0,0.0,0.0,0.008073764797584704,0.9999999798700473,0.008073764797584815,0.059529092968210656,-0.004539019699441391,-0.04471632385709017,0.059529092968210656
worst_of,pair_HTTX_REBL,0.01736324523663184,0.02490421455938697,0.0,0.0,0.0,0.0,0.0,0.007540969322755164,0.9999999987631012,0.007540969322755164,0.05773181644847694,0.08514684257677411,0.09416659067866487,0.05773181644847694
worst_of,pair_JEDI_POBK,0.017516902274124155,0.01053639846743295,0.0,0.0,0.0,0.0,0.0,0.006980503806691241,0.9999999999676347,0.006980503806691241,-0.05321028326430046,0.010129143147596727,0.0018668252345327265,0.05321028326430046
worst_of,realized_vol_63d_second_highest,0.2809758588944739,0.27466861740766846,0.5143296395672221,0.44896250350709205,0.0,0.0,0.0,0.05983675853120363,0.003036235772506955,0.011792132924249717,-0.0520127122618322,0.09744393490263344,0.0889575137583379,0.0520127122618322
worst_of,basket_realized_vol_trend_mean,-0.0034782956112597613,0.0005837852600657644,0.1326127385964812,0.11140412392989577,0.0,0.0,0.0,0.15140045732102192,1.8296420721935762e-18,0.01537561574318914,0.051949158264630695,0.026081037029872484,-0.05438819744864412,0.051949158264630695
worst_of,log_notional_credits,12.643565679218229,12.697166373841851,14.508658238524095,14.508658238524095,0.0,0.0,0.0,0.031157055154045543,0.33897382664963793,0.05718430323595723,0.050050508464799665,-0.009949999896720456,0.02453188581166101,0.050050508464799665
worst_of,pair_NABO_POBK,0.017977873386601107,0.011494252873563218,0.0,0.0,0.0,0.0,0.0,0.006483620513037858,0.9999999999994299,0.006483620513037858,-0.04879640107128824,0.004296794200197868,-0.009716523924455775,0.04879640107128824
worst_of,realized_vol_63d_min,0.2524626156713633,0.24696585306898086,0.4850191846038363,0.43266907984637426,0.0,0.0,0.0,0.04583395149382907,0.04407451750205816,0.009768687485040558,-0.04808628763378736,0.06565712169597827,0.0583667200968328,0.04808628763378736
worst_of,pair_MNDO_NABO,0.015212046711739398,0.0210727969348659,0.0,0.0,0.0,0.0,0.0,0.005860750223126487,1.0,0.005860750223126487,0.04788373558284996,-0.006250140437552006,0.03602455617192067,0.04788373558284996
worst_of,no_call_period_months,2.2035955746773204,2.3017241379310347,6.0,6.0,0.0,0.0,0.0,0.025279820651034846,0.6029323578278272,0.09886917839994158,0.04662811345269633,-0.15421171599112377,-0.15045771733061925,0.04662811345269633
worst_of,pair_CLNE_TECH,0.017209588199139522,0.011494252873563218,0.0,0.0,0.0,0.0,0.0,0.005715335325576332,1.0,0.005715335325576332,-0.04394667494571031,0.00012431833392463097,-0.00844824076087469,0.04394667494571031
worst_of,pair_JEDI_MNDO,0.015826674861708665,0.0210727969348659,0.0,0.0,0.0,0.0,0.0,0.005246122073157222,1.0,0.005246122073157222,0.04203468109867492,0.0028912691131470847,-0.03857418412233932,0.04203468109867492
worst_of,pair_BSKR_NABO,0.020282728948985862,0.014367816091954023,0.0,0.0,0.0,0.0,0.0,0.00591491285703194,1.0,0.005914912857031829,-0.041959931943681486,-0.006560156004569472,0.023588650174530636,0.041959931943681486
worst_of,pair_BSKR_TECH,0.01782421634910879,0.012452107279693486,0.0,0.0,0.0,0.0,0.0,0.005372109069415321,1.0,0.005372109069415321,-0.040601771994252564,-0.002944287037509968,0.010710730908095233,0.040601771994252564
worst_of,pair_JEDI_NABO,0.01782421634910879,0.012452107279693486,0.0,0.0,0.0,0.0,0.0,0.005372109069415321,1.0,0.005372109069415321,-0.040601771994252564,-0.017045921174696804,-0.05538372347138845,0.040601771994252564
worst_of,pair_DRC_KYBR,0.016594960049170254,0.011494252873563218,0.0,0.0,0.0,0.0,0.0,0.0051007071756070665,1.0,0.0051007071756070665,-0.0399278634439569,-0.026873513868485067,-0.005721638519951172,0.0399278634439569
worst_of,pair_REBL_WOOK,0.016902274124154886,0.022030651340996167,0.0,0.0,0.0,0.0,0.0,0.005128377216841229,1.0,0.005128377216841229,0.03978405493835863,-0.04822989966279227,-0.05951277645527257,0.03978405493835863
worst_of,underlying_REBL,0.16533497234173325,0.18007662835249041,1.0,1.0,0.0,0.0,0.0,0.014741656010757165,0.9879429517095397,0.014741656010757165,0.03968330188940681,-0.19001170196554482,-0.18253167507323906,0.03968330188940681
worst_of,pair_BSKR_SITH,0.01767055931161647,0.012452107279693486,0.0,0.0,0.0,0.0,0.0,0.005218452031922949,1.0,0.005218452031922949,-0.03960846096147349,-0.009234352786137935,0.019478848864710237,0.03960846096147349
worst_of,pair_CORL_JEDI,0.015365703749231715,0.020114942528735632,0.0,0.0,0.0,0.0,0.0,0.004749238779503839,1.0,0.004749238779503839,0.038610933174518615,-0.010824931951451669,0.02032380642743032,0.038610933174518615
worst_of,pair_JEDI_WOOK,0.017055931161647202,0.022030651340996167,0.0,0.0,0.0,0.0,0.0,0.004974720179348968,1.0,0.004974720179348968,0.03842081179586032,-0.021769733645029283,-0.024909957422964684,0.03842081179586032
worst_of,pair_CORL_POBK,0.01843884449907806,0.013409961685823755,0.0,0.0,0.0,0.0,0.0,0.0050288828132544205,1.0,0.0050288828132543095,-0.037380575468593816,0.032228163756600224,0.058243952618464725,0.037380575468593816
worst_of,pair_HTTX_JEDI,0.0161339889366933,0.011494252873563218,0.0,0.0,0.0,0.0,0.0,0.004639736063130062,1.0,0.004639736063130062,-0.03682598905273301,0.10374738449756045,0.1585024406939752,0.03682598905273301
worst_of,pair_JEDI_TECH,0.018131530424093423,0.013409961685823755,0.0,0.0,0.0,0.0,0.0,0.004721568738269788,1.0,0.004721568738269677,-0.03538689261994352,0.012715940723429775,-0.033497767983442825,0.03538689261994352
worst_of,underlying_WOOK,0.161339889366933,0.1743295019157088,1.0,1.0,0.0,0.0,0.0,0.01298961254877573,0.9976018225600105,0.012989612548775842,0.03531281394985852,0.002294022940520147,-0.05545152477343694,0.03531281394985852
worst_of,pair_JEDI_SITH,0.016902274124154886,0.012452107279693486,0.0,0.0,0.0,0.0,0.0,0.004450166844461423,1.0,0.004450166844461423,-0.03452274954414568,0.0172911621182069,0.025276608020805304,0.03452274954414568
worst_of,pair_DRC_POBK,0.01459741856177013,0.01053639846743295,0.0,0.0,0.0,0.0,0.0,0.0040610200943371755,1.0,0.0040610200943371755,-0.03386025777975285,0.017492946700952396,0.02092519819913056,0.03386025777975285
worst_of,pair_DRC_SITH,0.015212046711739398,0.019157088122605363,0.0,0.0,0.0,0.0,0.0,0.003945041410865935,1.0,0.003945041410866046,0.0322319349212132,-0.0007916376353537655,-0.03575716095043234,0.0322319349212132
worst_of,pair_POBK_WOOK,0.013521819299323909,0.017241379310344827,0.0,0.0,0.0,0.0,0.0,0.003719560011020917,1.0,0.003719560011020917,0.03220551616789035,0.01558123698965839,0.0011198803533052615,0.03220551616789035
worst_of,pair_CLNE_JEDI,0.016441303011677934,0.012452107279693486,0.0,0.0,0.0,0.0,0.0,0.0039891957319844185,1.0,0.0039891957319844185,-0.03137018555368444,-0.015886516653741328,0.01696119180651552,0.03137018555368444
worst_of,pair_HTTX_TECH,0.017977873386601107,0.022030651340996167,0.0,0.0,0.0,0.0,0.0,0.00405277795439507,1.0,0.00405277795439507,0.030501627619608465,0.1256723166621159,0.1308507293585849,0.030501627619608465
worst_of,pair_CLNE_NABO,0.015212046711739398,0.011494252873563218,0.0,0.0,0.0,0.0,0.0,0.0037177938381761644,1.0,0.0037177938381761644,-0.030375267725333756,-0.016756921138102315,0.014025571649161525,0.030375267725333756
worst_of,pair_MNDO_REBL,0.016287645974185617,0.020114942528735632,0.0,0.0,0.0,0.0,0.0,0.0038272965545499416,1.0,0.0038272965545499416,0.03023631709001268,-0.04914884143518647,-0.06576679494592905,0.03023631709001268
worst_of,underlying_HTTX,0.15964966195451752,0.17049808429118773,1.0,1.0,0.0,0.0,0.0,0.01084842233667016,0.9998996597260497,0.010848422336670271,0.02961777250963584,0.3499158745511512,0.3557623907546372,0.02961777250963584
worst_of,sector_concentration,0.4579491907396025,0.46008939974457214,0.5,0.5,0.0,0.0,0.0,0.0128412540298177,0.9979744934903404,0.002140209004969617,0.029565304277293238,-0.06933317983406205,-0.08702868357281274,0.029565304277293238
worst_of,basket_size,2.2523048555623846,2.239463601532567,3.0,3.0,0.0,0.0,0.0,0.012841254029817728,0.9979744934903404,0.012841254029817728,-0.02956530427729248,0.06933317983406212,0.08702868357281274,0.02956530427729248
worst_of,basket_complexity_score,2.2523048555623846,2.239463601532567,3.0,3.0,0.0,0.0,0.0,0.012841254029817728,0.9979744934903404,0.012841254029817728,-0.02956530427729248,0.06933317983406212,0.08702868357281274,0.02956530427729248
worst_of,sector_count,2.2523048555623846,2.239463601532567,3.0,3.0,0.0,0.0,0.0,0.012841254029817728,0.9979744934903404,0.012841254029817728,-0.02956530427729248,0.06933317983406212,0.08702868357281274,0.02956530427729248
worst_of,pair_KYBR_SITH,0.015519360786724033,0.019157088122605363,0.0,0.0,0.0,0.0,0.0,0.0036377273358813023,1.0,0.0036377273358814133,0.02942995777489342,-0.014416214445105616,0.007422072522691985,0.02942995777489342
worst_of,pair_MNDO_WOOK,0.0161339889366933,0.012452107279693486,0.0,0.0,0.0,0.0,0.0,0.003681881656999786,1.0,0.003681881656999786,-0.029223415243724436,0.00548576521569749,0.02072179312214705,0.029223415243724436
worst_of,pair_CLNE_KYBR,0.013829133374308543,0.017241379310344827,0.0,0.0,0.0,0.0,0.0,0.0034122459360362845,1.0,0.0034122459360362845,0.029219094859575936,0.008562180649190296,0.05761212812158578,0.029219094859575936
worst_of,underlying_CLNE,0.15611555009219422,0.14559386973180077,1.0,1.0,0.0,0.0,0.0,0.01052168036039347,0.9999484073311211,0.01052168036039347,-0.02898815201950721,0.008177082829197251,0.017472914549424592,0.02898815201950721
worst_of,pair_HTTX_MNDO,0.016441303011677934,0.020114942528735632,0.0,0.0,0.0,0.0,0.0,0.0036736395170576808,1.0,0.0036736395170576808,0.02888871869170469,0.08759542198058388,0.109140124002686,0.02888871869170469
worst_of,pair_BSKR_WOOK,0.014751075599262446,0.018199233716475097,0.0,0.0,0.0,0.0,0.0,0.003448158117212663,1.0,0.003448158117212663,0.028602391269451122,0.015372171121054025,0.017585903292733553,0.028602391269451122
worst_of,pair_CLNE_HTTX,0.014751075599262446,0.018199233716475097,0.0,0.0,0.0,0.0,0.0,0.003448158117212663,1.0,0.003448158117212663,0.02860239126945112,0.12185480915953344,0.06543302643645495,0.02860239126945112
worst_of,pair_REBL_TECH,0.01736324523663184,0.0210727969348659,0.0,0.0,0.0,0.0,0.0,0.0037095516982340593,1.0,0.0037095516982340593,0.02839942036395138,-0.07283180469866113,-0.06170098935186556,0.02839942036395138
worst_of,pair_POBK_SITH,0.014904732636754764,0.011494252873563218,0.0,0.0,0.0,0.0,0.0,0.003410479763191532,1.0,0.003410479763191532,-0.028145843309863274,-0.0008217972446029207,-0.03423115679966807,0.028145843309863274
worst_of,structural_base_vol_mean,0.271190585945503,0.2731018518518519,0.39,0.39,0.0,0.0,0.0,0.019869444503316847,0.8614612722289974,0.0023872612624917466,0.028109725533792335,0.2503498351968648,0.24956294207439886,0.028109725533792335
worst_of,underlying_POBK,0.15642286416717885,0.14655172413793102,1.0,1.0,0.0,0.0,0.0,0.009871140029247827,0.9999888135905525,0.009871140029247827,-0.02717407663046462,0.037858817211903595,0.041971459898467914,0.02717407663046462
worst_of,pair_BSKR_HTTX,0.017516902274124155,0.0210727969348659,0.0,0.0,0.0,0.0,0.0,0.0035558946607416875,1.0,0.0035558946607416875,0.027105516649774383,0.11729545020467468,0.16132873261703645,0.027105516649774383
worst_of,pair_CORL_TECH,0.016902274124154886,0.013409961685823755,0.0,0.0,0.0,0.0,0.0,0.0034923124383312576,1.0,0.0034923124383311466,-0.027092069095895243,0.004689123512340091,0.012241009967188956,0.027092069095895243
worst_of,basket_realized_vol_126d_max,0.4831283229297789,0.4775137191404916,0.9428565139069754,1.036082152299424,0.0,0.0,0.0,0.15932880722105658,2.072927960737434e-20,0.03459618060191874,-0.026789113291013453,0.26349953557852474,0.21673761995867288,0.026789113291013453
worst_of,quoted_implied_vol,0.27808282114320837,0.2800945402298851,0.413865,0.42404,0.0,0.0,0.0,0.025305724519424366,0.6016318495253399,0.0023328892586077375,0.026770382662533673,0.24302555995507907,0.2207332512097736,0.026770382662533673
worst_of,underlying_KYBR,0.15334972341733252,0.16283524904214558,1.0,1.0,0.0,0.0,0.0,0.009485525624813085,0.9999961213670192,0.009485525624813085,0.026324969446394373,-0.032324705359090565,0.03011266983288612,0.026324969446394373
worst_of,pair_NABO_WOOK,0.01889981561155501,0.01532567049808429,0.0,0.0,0.0,0.0,0.0,0.0035741451134707614,1.0,0.0035741451134706503,-0.026247425941822302,0.0045593436306829264,-0.02627687303449647,0.026247425941822302
worst_of,pair_REBL_SITH,0.01674861708666257,0.020114942528735632,0.0,0.0,0.0,0.0,0.0,0.003366325442073048,1.0,0.003366325442073048,0.02623217733718385,-0.04010164765449804,-0.07628385642459241,0.02623217733718385
worst_of,pair_DRC_NABO,0.016902274124154886,0.020114942528735632,0.0,0.0,0.0,0.0,0.0,0.0032126684045806764,1.0,0.0032126684045806764,0.024922694041857776,-0.022688778861768028,-0.023187281205143045,0.024922694041857776
worst_of,underlying_NABO,0.16733251382913336,0.15804597701149425,1.0,1.0,0.0,0.0,0.0,0.009286536817639135,0.999997869683138,0.009286536817639135,-0.0248787074801764,-0.017484582692032284,-0.0009152642017640185,0.0248787074801764
worst_of,pair_CORL_MNDO,0.015519360786724033,0.012452107279693486,0.0,0.0,0.0,0.0,0.0,0.0030672535070305207,1.0,0.0030672535070305207,-0.024814707882698635,-0.007025469557899491,-0.038212825806350756,0.024814707882698635
worst_of,pair_DRC_HTTX,0.015519360786724033,0.012452107279693486,0.0,0.0,0.0,0.0,0.0,0.0030672535070305207,1.0,0.0030672535070305207,-0.024814707882698635,0.09991954295824268,0.12306415543097031,0.024814707882698635
worst_of,pair_DRC_MNDO,0.014443761524277812,0.011494252873563218,0.0,0.0,0.0,0.0,0.0,0.0029495086507145274,1.0,0.0029495086507146384,-0.02472115820578621,-0.005120475774987342,0.024209017897459183,0.02472115820578621
worst_of,structural_base_vol_min,0.2005239704978488,0.20231800766283525,0.32,0.32,0.0,0.0,0.0,0.029425617041919483,0.4083688545968462,0.0026999189915388527,0.024349570086824257,0.09289762369455373,0.0981394188973015,0.024349570086824257
worst_of,underlying_BSKR,0.16594960049170251,0.15708812260536398,1.0,1.0,0.0,0.0,0.0,0.00886147788633862,0.9999994841222187,0.008861477886338509,-0.023818911186700497,-0.007247696804051108,0.021753523265119333,0.023818911186700497
worst_of,pair_CLNE_REBL,0.014443761524277812,0.017241379310344827,0.0,0.0,0.0,0.0,0.0,0.0027976177860670193,1.0,0.0027976177860670193,0.02344809257363195,-0.05413768500259262,-0.06539611315648164,0.02344809257363195
worst_of,worst_of_pressure,2.392380270436386,2.382454022988506,3.0,3.0,0.0,0.0,0.0,0.02597274913045422,0.568366283263079,0.010410934022847217,-0.023308670252654838,0.3070631499992092,0.30922834608392097,0.023308670252654838
worst_of,pair_TECH_WOOK,0.01843884449907806,0.01532567049808429,0.0,0.0,0.0,0.0,0.0,0.003113174000993868,1.0,0.003113174000993757,-0.02314077301310281,-0.01660489805203408,-0.030879616801023052,0.02314077301310281
worst_of,requested_month,6.488936693300553,6.565134099616858,12.0,12.0,0.0,0.0,0.0,0.015448125148652792,0.9802068824909244,0.08263098526540866,0.022373899144700178,-0.0011061907927379252,0.038318087708990214,0.022373899144700178
worst_of,structural_base_vol_max,0.34318992009834043,0.34520114942528735,0.5,0.5,0.0,0.0,0.0,0.01546578687710027,0.9799779650111499,0.002574485396105476,0.0220831473999546,0.31187901495324155,0.31183001486639267,0.0220831473999546
worst_of,pair_BSKR_KYBR,0.0161339889366933,0.013409961685823755,0.0,0.0,0.0,0.0,0.0,0.0027240272508696206,1.0,0.0027240272508695096,-0.02162084143471585,-0.004492375898176948,0.023538836512121946,0.02162084143471585
worst_of,pair_POBK_REBL,0.016441303011677934,0.019157088122605363,0.0,0.0,0.0,0.0,0.0,0.0027157851109274045,1.0,0.0027157851109275155,0.02135635566103104,-0.05052321088905488,-0.05043508057982787,0.02135635566103104
worst_of,pair_CLNE_WOOK,0.014751075599262446,0.017241379310344827,0.0,0.0,0.0,0.0,0.0,0.0024903037110823867,1.0,0.0024903037110823867,0.02065701128048117,0.000977556218163938,-0.03497642982619969,0.02065701128048117
worst_of,pair_HTTX_SITH,0.014904732636754764,0.012452107279693486,0.0,0.0,0.0,0.0,0.0,0.0024526253570612555,1.0,0.0024526253570612555,-0.020240908549782572,0.0956678322500487,0.052045576836720925,0.020240908549782572
worst_of,pair_CLNE_CORL,0.017977873386601107,0.01532567049808429,0.0,0.0,0.0,0.0,0.0,0.0026522028885168636,1.0,0.0026522028885167526,-0.019960754274598532,0.02367628235756563,0.0002570127597635958,0.019960754274598532
worst_of,pair_NABO_REBL,0.01843884449907806,0.0210727969348659,0.0,0.0,0.0,0.0,0.0,0.0026339524357877897,1.0,0.0026339524357877897,0.019578634353370247,-0.08254958874586296,-0.07132821571017292,0.019578634353370247
worst_of,pair_KYBR_MNDO,0.014904732636754764,0.017241379310344827,0.0,0.0,0.0,0.0,0.0,0.002336646673590015,1.0,0.002336646673590126,0.019283765250620973,0.007116587775228517,-0.0253417258532634,0.019283765250620973
worst_of,pair_SITH_WOOK,0.015826674861708665,0.018199233716475097,0.0,0.0,0.0,0.0,0.0,0.0023725588547663934,1.0,0.0023725588547665044,0.019010185706167658,-0.013634478634953293,-0.04676920209232546,0.019010185706167658
worst_of,autocall_to_protection_ratio,1.7907691335658125,1.7949961562698153,2.2502750000000002,2.2485,0.0,0.0,0.0,0.02790847456828849,0.47556601774221763,0.006220666220718752,0.018233738671695327,0.3735071347486114,0.32634750609074903,0.018233738671695327
worst_of,underlying_SITH,0.15734480639213275,0.16379310344827586,1.0,1.0,0.0,0.0,0.0,0.006448297056143137,0.9999999999995871,0.006448297056143137,0.017708993517014323,-0.01697962279938971,-0.08235417622377364,0.017708993517014323
worst_of,pair_BSKR_JEDI,0.019668100799016593,0.017241379310344827,0.0,0.0,0.0,0.0,0.0,0.002426721488671846,1.0,0.0024267214886717348,-0.017476407228599236,-0.010779786612392638,-0.03119088426941749,0.017476407228599236
worst_of,pair_CLNE_POBK,0.014290104486785495,0.016283524904214558,0.0,0.0,0.0,0.0,0.0,0.0019934204174290038,1.0,0.001993420417429115,0.016796030004889627,0.02029485383085137,0.05412436717520645,0.016796030004889627
worst_of,pair_BSKR_POBK,0.015212046711739398,0.017241379310344827,0.0,0.0,0.0,0.0,0.0,0.0020293325986053823,1.0,0.0020293325986054933,0.016580134259576468,0.02861786013113213,-0.0026825800629799905,0.016580134259576468
worst_of,pair_DRC_TECH,0.017055931161647202,0.019157088122605363,0.0,0.0,0.0,0.0,0.0,0.0021011569609581393,1.0,0.0021011569609582503,0.01622767778691426,-0.020825872536049842,-0.040171138094400274,0.01622767778691426
worst_of,pair_MNDO_POBK,0.014290104486785495,0.012452107279693486,0.0,0.0,0.0,0.0,0.0,0.0018379972070919903,1.0,0.0018379972070919903,-0.015486475391395601,0.007606136739503159,-0.0072424671362237856,0.015486475391395601
worst_of,pair_NABO_TECH,0.017209588199139522,0.019157088122605363,0.0,0.0,0.0,0.0,0.0,0.0019474999234657675,1.0,0.0019474999234658785,0.0149748249608992,-0.006420569670615882,-0.026424843917516174,0.0149748249608992
worst_of,barrier_gap_pct,0.4702695912722803,0.4722081417624521,0.7501650000000001,0.7491,0.0,0.0,0.0,0.02474349283051569,0.6299587323402928,0.0028303028162214713,0.01476278685363014,0.3969533092472666,0.3546503813578669,0.01476278685363014
worst_of,pair_BSKR_MNDO,0.015212046711739398,0.013409961685823755,0.0,0.0,0.0,0.0,0.0,0.0018020850259157228,1.0,0.0018020850259156118,-0.01472346706369701,-0.038869438778213965,0.014687404803587533,0.01472346706369701
worst_of,pair_CLNE_MNDO,0.017209588199139522,0.01532567049808429,0.0,0.0,0.0,0.0,0.0,0.0018839177010553376,1.0,0.0018839177010552266,-0.014485924992405554,-0.0036292747383423426,0.01996923080659363,0.014485924992405554
worst_of,pair_MNDO_SITH,0.017209588199139522,0.01532567049808429,0.0,0.0,0.0,0.0,0.0,0.0018839177010553376,1.0,0.0018839177010552266,-0.014485924992405554,-0.03385394573908599,-0.0392498712362564,0.014485924992405554
worst_of,structural_base_vol_second_highest,0.22268592501536572,0.22376436781609196,0.32,0.32,0.0,0.0,0.0,0.022374466321438746,0.7486618962854111,0.0018903053595103743,0.014068507738204733,0.138102728116608,0.1398095836304714,0.014068507738204733
worst_of,pair_CORL_WOOK,0.0161339889366933,0.014367816091954023,0.0,0.0,0.0,0.0,0.0,0.0017661728447393443,1.0,0.0017661728447392333,-0.014018267625707277,3.0129944937035112e-05,0.030460393199116618,0.014018267625707277
worst_of,pair_JEDI_KYBR,0.0161339889366933,0.014367816091954023,0.0,0.0,0.0,0.0,0.0,0.0017661728447393443,1.0,0.0017661728447392333,-0.014018267625707277,-0.0011887398710706666,0.06623638219303009,0.014018267625707277
worst_of,pair_BSKR_DRC,0.018131530424093423,0.016283524904214558,0.0,0.0,0.0,0.0,0.0,0.0018480055198789591,1.0,0.001848005519878848,-0.013850306226184888,-0.005318678821175915,-0.04234768640748654,0.013850306226184888
worst_of,pair_MNDO_TECH,0.015980331899200985,0.014367816091954023,0.0,0.0,0.0,0.0,0.0,0.0016125158072470835,1.0,0.0016125158072469725,-0.012859059138744267,0.0002578957374671724,0.04814116227368413,0.012859059138744267
worst_of,pair_KYBR_TECH,0.013829133374308543,0.01532567049808429,0.0,0.0,0.0,0.0,0.0,0.001496537123775732,1.0,0.001496537123775732,0.012814861824196343,-0.03610303900308736,-0.03308420201629866,0.012814861824196343
worst_of,protection_buffer_pct,0.40023188383527963,0.40071293103448274,0.470265,0.47405499999999995,0.0,0.0,0.0,0.02856902321222099,0.44562568434602273,0.0012772639392248147,0.012710331960714779,0.04753641759934039,0.007349902254894014,0.012710331960714779
worst_of,protection_barrier_pct,0.5997681161647204,0.5992870689655173,0.6694949999999998,0.670395,0.0,0.0,0.0,0.02856902321222099,0.44562568434602273,0.0012772639392248143,-0.012710331960713311,-0.04753641759934039,-0.007349902254894011,0.012710331960713311
worst_of,underlying_DRC,0.1568838352796558,0.15229885057471265,1.0,1.0,0.0,0.0,0.0,0.0045849847049431736,1.0,0.0045849847049431736,-0.012606806424664456,-0.02324236226796562,-0.031042702319894436,0.012606806424664456
worst_of,pair_HTTX_NABO,0.015826674861708665,0.014367816091954023,0.0,0.0,0.0,0.0,0.0,0.0014588587697547117,1.0,0.0014588587697546007,-0.011689141483842033,0.10948048108076518,0.10193836210751887,0.011689141483842033
worst_of,pair_POBK_TECH,0.01782421634910879,0.016283524904214558,0.0,0.0,0.0,0.0,0.0,0.0015406914448943265,1.0,0.0015406914448942155,-0.011644365732488672,0.012982975126956639,0.030666561236788435,0.011644365732488672
worst_of,autocall_barrier_above_par_pct,0.07003770743700061,0.07149521072796934,0.35016500000000006,0.34909999999999997,0.0,0.0,0.0,0.013131495100636492,0.997196415643919,0.002015551151897927,0.011577548520647258,0.39976130009798816,0.3676882108840013,0.011577548520647258
worst_of,autocall_barrier_pct,1.0700377074370007,1.0714952107279694,1.350165,1.3491,0.0,0.0,0.0,0.013131495100636492,0.997196415643919,0.002015551151897927,0.011577548520647149,0.39976130009798816,0.3676882108840013,0.011577548520647149
worst_of,pair_CORL_REBL,0.01674861708666257,0.018199233716475097,0.0,0.0,0.0,0.0,0.0,0.0014506166298124956,1.0,0.0014506166298126066,0.011303967289055795,-0.051710092316500804,-0.032735275860416,0.011303967289055795
worst_of,structural_base_vol_top2_spread,0.1205039950829748,0.12143678160919541,0.28,0.2784999999999991,0.0,0.0,0.0,0.02128532640051617,0.8003310904800817,0.0031504637969890364,0.010968193530574172,0.20951341290600026,0.211901846090475,0.010968193530574172
worst_of,worst_of_structural_vol_top2_spread,0.1205039950829748,0.12143678160919541,0.28,0.2784999999999991,0.0,0.0,0.0,0.02128532640051617,0.8003310904800817,0.0031504637969890364,0.010968193530574172,0.20951341290600026,0.211901846090475,0.010968193530574172
worst_of,basket_realized_vol_trend_max,0.037857133582631125,0.038761510925246115,0.21837756469131642,0.14971833295016906,0.0,0.0,0.0,0.21109356712752003,1.284641116326699e-35,0.026978190067840725,0.009108316207593035,0.06040658589784617,0.09537894793720074,0.009108316207593035
worst_of,pair_DRC_WOOK,0.0161339889366933,0.017241379310344827,0.0,0.0,0.0,0.0,0.0,0.0011073903736514845,1.0,0.0011073903736515955,0.008789453801318452,0.0030594118230665036,-0.016474956501765517,0.008789453801318452
worst_of,pair_KYBR_REBL,0.013368162261831592,0.014367816091954023,0.0,0.0,0.0,0.0,0.0,0.000999653830122349,1.0,0.00099965383012246,0.008704347428772213,-0.07943258707874525,-0.033686976392266296,0.008704347428772213
worst_of,underlying_TECH,0.16502765826674862,0.16187739463601533,1.0,1.0,0.0,0.0,0.0,0.003150263630733341,1.0,0.00315026363073323,-0.00848657563052922,-0.01382322365554532,-0.023902866158406196,0.00848657563052922
worst_of,pair_CORL_KYBR,0.01736324523663184,0.016283524904214558,0.0,0.0,0.0,0.0,0.0,0.0010797203324173221,1.0,0.001079720332417211,-0.008266074741705591,-0.00044253180585198906,0.016616929023894354,0.008266074741705591
worst_of,structural_vol_dispersion_ratio,0.5380730834640561,0.5353891019154121,1.125,1.0769230769230769,0.0,0.0,0.0,0.020540590184317864,0.8335171969890506,0.009340492977622803,-0.008190941962506094,0.1360360825501512,0.136640930620425,0.008190941962506094
worst_of,pair_HTTX_WOOK,0.020282728948985862,0.019157088122605363,0.0,0.0,0.0,0.0,0.0,0.0011256408263805584,1.0,0.0011256408263804474,-0.007985208507645966,0.10993361220419662,0.08806228669145673,0.007985208507645966
worst_of,notional_credits,677251.0755992625,690229.8850574712,2000000.0,2000000.0,0.0,0.0,0.0,0.031157055154045543,0.33897382664963793,23383.92241084813,0.007560385774255796,-0.004747746287629732,0.0427127075460373,0.007560385774255796
worst_of,quoted_to_structural_vol_ratio,1.025727698568481,1.0250618942107061,1.18434375,1.1835866858237547,0.0,0.0,0.0,0.021616189446764023,0.7849744555186875,0.002398072694405425,-0.006609887073688834,0.026827381466963045,-0.01978120311314576,0.006609887073688834
worst_of,is_daily_observation,0.031499692685925014,0.032567049808429116,0.0,0.0,0.0,0.0,0.0,0.0010673571225040535,1.0,0.0010673571225041645,0.006110921609668833,-0.06335664059850774,-0.05994154106435409,0.006110921609668833
worst_of,pair_CORL_DRC,0.01459741856177013,0.01532567049808429,0.0,0.0,0.0,0.0,0.0,0.0007282519363140949,1.0,0.0007282519363142059,0.006072070001964946,-0.007366387398184982,0.00016022609177587915,0.006072070001964946
worst_of,pair_HTTX_KYBR,0.01505838967424708,0.014367816091954023,0.0,0.0,0.0,0.0,0.0,0.0006905735822930748,1.0,0.0006905735822930748,-0.005670422931323748,0.08054975683891119,0.11987076205213042,0.005670422931323748
worst_of,no_call_observation_count,2.796942224953903,2.7327586206896552,6.0,6.0,0.0,0.0,0.0,0.017787715443650876,0.9328142253894407,0.15953024904606644,-0.005350729887805379,-0.08454275909798879,-0.12490891393921373,0.005350729887805379
worst_of,pair_KYBR_NABO,0.016594960049170254,0.017241379310344827,0.0,0.0,0.0,0.0,0.0,0.0006464192611744801,1.0,0.0006464192611745911,0.005060110117897569,0.0029389735324400084,0.039932716968999755,0.005060110117897569
worst_of,pair_BSKR_CORL,0.01567301782421635,0.016283524904214558,0.0,0.0,0.0,0.0,0.0,0.0006105070799981016,1.0,0.0006105070799982126,0.004915239634519484,-0.0025645449732936403,0.012970565834416138,0.004915239634519484
worst_of,underlying_CORL,0.16210817455439458,0.16379310344827586,1.0,1.0,0.0,0.0,0.0,0.0016849288938812768,1.0,0.0016849288938812768,0.0045717781053086805,0.011456303489662522,0.030955711617207084,0.0045717781053086805
worst_of,pair_KYBR_WOOK,0.018746158574062692,0.018199233716475097,0.0,0.0,0.0,0.0,0.0,0.0005469248575876717,1.0,0.0005469248575875607,-0.004032559965543795,-0.0043279785875058405,-0.052046748999254794,0.004032559965543795
worst_of,pair_DRC_REBL,0.01674861708666257,0.017241379310344827,0.0,0.0,0.0,0.0,0.0,0.0004927622236822193,1.0,0.0004927622236823304,0.0038398622649917532,-0.05074445198922641,-0.057446129190048975,0.0038398622649917532
worst_of,pair_DRC_JEDI,0.01674861708666257,0.016283524904214558,0.0,0.0,0.0,0.0,0.0,0.00046509218244805695,1.0,0.0004650921824479459,-0.0036242427590722874,-0.009769149590317725,-0.041759675549641294,0.0036242427590722874
worst_of,quoted_minus_structural_vol_mean,0.006892235197705385,0.006992688378033203,0.05298833333333331,0.053484999999999984,0.0,0.0,0.0,0.021047481790757938,0.8111502007506131,0.0006450855455629413,0.003558973330876628,0.04395485766450278,-0.006038059149162678,0.003558973330876628
worst_of,pair_CLNE_SITH,0.013982790411800861,0.014367816091954023,0.0,0.0,0.0,0.0,0.0,0.0003850256801530838,1.0,0.0003850256801531948,0.0032790687715831194,-0.01806646606013917,-0.04725284065081894,0.0032790687715831194
worst_of,requested_quarter,2.495543945912723,2.4990421455938696,4.0,4.0,0.0,0.0,0.0,0.0037336893937788274,1.0,0.009931778630250548,0.003152639398203289,0.0019243749729828767,0.04685878688152778,0.003152639398203289
worst_of,pair_HTTX_POBK,0.016902274124154886,0.017241379310344827,0.0,0.0,0.0,0.0,0.0,0.00033910518618984753,1.0,0.00033910518618995855,0.0026306526971064826,0.11534434946425873,0.13133385177967125,0.0026306526971064826
worst_of,structural_base_vol_range,0.1426659496004917,0.14288314176245212,0.32,0.32,0.0,0.0,0.0,0.015852578730098155,0.9745070063088807,0.002388195371685181,0.002361180182517701,0.2343863353653257,0.23204283330232942,0.002361180182517701
worst_of,worst_of_structural_base_vol_range,0.1426659496004917,0.14288314176245212,0.32,0.32,0.0,0.0,0.0,0.015852578730098155,0.9745070063088807,0.002388195371685181,0.002361180182517701,0.2343863353653257,0.23204283330232942,0.002361180182517701
worst_of,pair_BSKR_REBL,0.01843884449907806,0.018199233716475097,0.0,0.0,0.0,0.0,0.0,0.00023961078260303914,1.0,0.00023961078260292812,-0.0017810693298662764,-0.06920110659108104,-0.07356214153930192,0.0017810693298662764
worst_of,pair_SITH_TECH,0.015519360786724033,0.01532567049808429,0.0,0.0,0.0,0.0,0.0,0.00019369028863980287,1.0,0.00019369028863969184,-0.0015669940294448955,0.003619900068763516,0.007469411870551375,0.0015669940294448955
worst_of,pair_KYBR_POBK,0.0161339889366933,0.016283524904214558,0.0,0.0,0.0,0.0,0.0,0.00014953596752120824,1.0,0.00014953596752131926,0.001186879992309866,-0.009219834050210386,0.00527075501541302,0.001186879992309866
worst_of,underlying_MNDO,0.158420405654579,0.15804597701149425,1.0,1.0,0.0,0.0,0.0,0.00037442864308478985,1.0,0.0003744286430846788,-0.0010254533429331133,-0.01785894785566113,-0.003636247183443146,0.0010254533429331133
worst_of,worst_of_vol_pressure,0.7795897357098954,0.7797605363984673,1.5,1.5,0.0,0.0,0.0,0.015076640126976057,0.9846085012314408,0.008821562380047415,0.0006127640490407371,0.27047329514406737,0.28139721710984356,0.0006127640490407371
worst_of,pair_BSKR_CLNE,0.015365703749231715,0.01532567049808429,0.0,0.0,0.0,0.0,0.0,4.003325114754208e-05,1.0,4.003325114743106e-05,-0.00032546714464699373,0.010989634541792264,0.009480423749851538,0.00032546714464699373
worst_of,post_no_call_observation_count,85.13696610752753,85.18625973916988,113.208932238193,108.65770020533878,0.0,0.0,0.0,0.0622481731885543,0.0017832543699529057,8.305389694678794,0.0001754788260465704,-0.009253067922866452,-0.025309244962498582,0.0001754788260465704
worst_of,estimated_observation_count,87.93390833248144,87.91901835985954,115.36098562628334,112.15277207392195,0.0,0.0,0.0,0.06213042833223831,0.0018310932398327199,8.429550007027897,-5.1579477674823424e-05,-0.012516925928771128,-0.029389882547200315,5.1579477674823424e-05
worst_of,is_worst_of,1.0,1.0,1.0,1.0,0.0,0.0,0.0,0.0,1.0,0.0,,,,
worst_of,is_single_underlying,0.0,0.0,0.0,0.0,0.0,0.0,0.0,0.0,1.0,0.0,,,,
worst_of,has_multiple_sectors,1.0,1.0,1.0,1.0,0.0,0.0,0.0,0.0,1.0,0.0,,,,
