feature,feature_type,feature_group,business_signal,in_global_52_all_without_noise,in_single_27_compact_core,in_worst_of_46_core,presence_pattern,global_train_rows,single_train_rows,worst_of_train_rows,highest_train_signal_scope,signal_metric,global_train_signal,single_train_signal,worst_of_train_signal,global_validation_signal,single_validation_signal,worst_of_validation_signal
primary_underlying,categorical,basket,"composicion, complejidad y riesgo estructural de cesta",True,False,False,global_52_all_without_noise,9807,3299,6508,single,category_median_spread_over_target_std,2.0768479309018617,2.7335922225952323,,2.0221210255408657,2.461558082783188,
autocall_barrier_above_par_pct,numeric,contractual,estructura contractual y calendario de autocall,True,False,False,global_52_all_without_noise,9807,3299,6508,worst_of,abs_spearman,0.022699555835761925,0.22052787998985734,0.3632492091546086,0.037557016368758356,0.19409234543924697,0.3700749669178106
autocall_to_protection_ratio,numeric,contractual,estructura contractual y calendario de autocall,True,False,False,global_52_all_without_noise,9807,3299,6508,global,abs_spearman,0.36127586150711044,0.1696748259963168,0.32956719700261133,0.31718774563223395,0.11292378241250099,0.29875158333309443
is_single_underlying,numeric,basket,separacion explicita de regimen single/worst_of,True,False,False,global_52_all_without_noise,9807,3299,6508,global,abs_spearman,0.35237911432855334,,,0.3242862791340134,,
protection_buffer_pct,numeric,contractual,estructura contractual y calendario de autocall,True,False,False,global_52_all_without_noise,9807,3299,6508,global,abs_spearman,0.3108177141055571,0.0009650148864882573,0.04895871111258218,0.2584136424537767,0.08215677388739451,0.0029393859366223596
basket_realized_vol_change_21d_max,numeric,market,volatilidad implicita/realizada y spreads de mercado,True,False,False,global_52_all_without_noise,9807,3299,6508,single,abs_spearman,0.05619200687794252,0.1434745276996108,0.059267689346871724,0.004318139212752703,0.12069033555403574,0.010418747709448058
basket_realized_vol_change_21d_mean,numeric,market,volatilidad implicita/realizada y spreads de mercado,True,False,False,global_52_all_without_noise,9807,3299,6508,single,abs_spearman,0.015579999315163486,0.1434745276996108,0.03427903945247538,0.05571056702304335,0.12069033555403574,0.025424746060464545
is_worst_of,numeric,basket,separacion explicita de regimen single/worst_of,True,True,False,global_52_all_without_noise+single_27_compact_core,9807,3299,6508,global,abs_spearman,0.35237911432855334,,,0.3242862791340134,,
dominant_sector,categorical,basket,"composicion, complejidad y riesgo estructural de cesta",True,True,True,global_52_all_without_noise+single_27_compact_core+worst_of_46_core,9807,3299,6508,single,category_median_spread_over_target_std,1.8406982643807202,2.7335922225952323,1.542342901338118,1.7884516464573856,2.461558082783188,1.2992802649771946
highest_vol_sector,categorical,basket,"composicion, complejidad y riesgo estructural de cesta",True,True,True,global_52_all_without_noise+single_27_compact_core+worst_of_46_core,9807,3299,6508,single,category_median_spread_over_target_std,1.828006919538893,2.7335922225952323,1.5912426618647626,1.7555339363087212,2.461558082783188,1.426795834749492
product_type,categorical,product,tipo de producto/madurez nominal como regimen,True,True,True,global_52_all_without_noise+single_27_compact_core+worst_of_46_core,9807,3299,6508,global,category_median_spread_over_target_std,1.420070835337305,0.004474452568630303,1.2258280877474736,1.3201856288496192,0.0028219168666550757,1.1715349374215236
observation_frequency_clean,categorical,contractual,estructura contractual y calendario de autocall,True,True,True,global_52_all_without_noise+single_27_compact_core+worst_of_46_core,9807,3299,6508,worst_of,category_median_spread_over_target_std,0.8655043919810355,0.9661834579862458,0.988664249193248,0.8739420229610296,0.7607887872501977,0.9737134859369323
realized_vol_63d_max,numeric,market,volatilidad implicita/realizada y spreads de mercado,True,True,True,global_52_all_without_noise+single_27_compact_core+worst_of_46_core,9807,3299,6508,single,abs_spearman,0.0019041771713730238,0.692432999374365,0.17436552286238788,0.06674276849235285,0.6963287547604915,0.11918044649386458
realized_vol_63d_min,numeric,market,volatilidad implicita/realizada y spreads de mercado,True,True,True,global_52_all_without_noise+single_27_compact_core+worst_of_46_core,9807,3299,6508,single,abs_spearman,0.270205558952747,0.692432999374365,0.06046356245659146,0.2932302111181068,0.6963287547604915,0.04650465435842988
callable_maturity_months,numeric,contractual,estructura contractual y calendario de autocall,True,True,True,global_52_all_without_noise+single_27_compact_core+worst_of_46_core,9807,3299,6508,worst_of,abs_spearman,0.5035446047078381,0.26586535125103505,0.6825904251540538,0.48534601208858336,0.32623712234903124,0.6645023202013647
nominal_maturity_months,numeric,contractual,estructura contractual y calendario de autocall,True,True,True,global_52_all_without_noise+single_27_compact_core+worst_of_46_core,9807,3299,6508,worst_of,abs_spearman,0.5125397080416637,0.26586535125103505,0.6753207285368592,0.49385388810597086,0.32623712234903124,0.6556276005176104
basket_realized_vol_21d_mean,numeric,market,volatilidad implicita/realizada y spreads de mercado,True,True,True,global_52_all_without_noise+single_27_compact_core+worst_of_46_core,9807,3299,6508,single,abs_spearman,0.10544292228731852,0.6699739348985286,0.15297356751842528,0.17531478548669815,0.6823476143505348,0.09229218593999093
basket_realized_vol_126d_mean,numeric,market,volatilidad implicita/realizada y spreads de mercado,True,True,True,global_52_all_without_noise+single_27_compact_core+worst_of_46_core,9807,3299,6508,single,abs_spearman,0.10860179416207734,0.6447277006830877,0.14456552634685682,0.18499797597065998,0.7242638868933304,0.09908194727650727
structural_base_vol_max,numeric,basket,"composicion, complejidad y riesgo estructural de cesta",True,True,True,global_52_all_without_noise+single_27_compact_core+worst_of_46_core,9807,3299,6508,single,abs_spearman,0.09504405698417047,0.5392759030940093,0.25707259986862,0.06821851543388673,0.5170334377765058,0.2598304586852155
structural_base_vol_min,numeric,basket,"composicion, complejidad y riesgo estructural de cesta",True,True,True,global_52_all_without_noise+single_27_compact_core+worst_of_46_core,9807,3299,6508,single,abs_spearman,0.24224259606840443,0.5392759030940093,0.07559295887338012,0.22570746943494724,0.5170334377765058,0.0886487575179665
worst_of_vol_pressure,numeric,basket,"composicion, complejidad y riesgo estructural de cesta",True,True,True,global_52_all_without_noise+single_27_compact_core+worst_of_46_core,9807,3299,6508,global,abs_spearman,0.40336474922214055,,0.2547395341462363,0.3787862570570973,,0.25416026481388015
structural_base_vol_range,numeric,basket,"composicion, complejidad y riesgo estructural de cesta",True,True,True,global_52_all_without_noise+single_27_compact_core+worst_of_46_core,9807,3299,6508,global,abs_spearman,0.37492929044373235,,0.19384552730951216,0.35225869620944855,,0.19482809476737825
autocall_barrier_pct,numeric,contractual,estructura contractual y calendario de autocall,True,True,True,global_52_all_without_noise+single_27_compact_core+worst_of_46_core,9807,3299,6508,worst_of,abs_spearman,0.022699555835761925,0.22052787998985734,0.3632492091546086,0.037557016368758356,0.19409234543924697,0.3700749669178106
basket_complexity_score,numeric,basket,"composicion, complejidad y riesgo estructural de cesta",True,True,True,global_52_all_without_noise+single_27_compact_core+worst_of_46_core,9807,3299,6508,global,abs_spearman,0.3513603793638262,,0.09685066804749864,0.32513348213091364,,0.09632961214225749
basket_size,numeric,basket,"composicion, complejidad y riesgo estructural de cesta",True,True,True,global_52_all_without_noise+single_27_compact_core+worst_of_46_core,9807,3299,6508,global,abs_spearman,0.3513603793638262,,0.09685066804749864,0.32513348213091364,,0.09632961214225749
sector_concentration,numeric,basket,"composicion, complejidad y riesgo estructural de cesta",True,True,True,global_52_all_without_noise+single_27_compact_core+worst_of_46_core,9807,3299,6508,global,abs_spearman,0.3513603793638262,,0.09685066804749864,0.32513348213091364,,0.09632961214225749
sector_count,numeric,basket,"composicion, complejidad y riesgo estructural de cesta",True,True,True,global_52_all_without_noise+single_27_compact_core+worst_of_46_core,9807,3299,6508,global,abs_spearman,0.3513603793638262,,0.09685066804749864,0.32513348213091364,,0.09632961214225749
structural_vol_dispersion_ratio,numeric,basket,"composicion, complejidad y riesgo estructural de cesta",True,True,True,global_52_all_without_noise+single_27_compact_core+worst_of_46_core,9807,3299,6508,global,abs_spearman,0.3395410480486598,,0.10947350888400682,0.3179486478419561,,0.11278383908084115
barrier_gap_pct,numeric,contractual,estructura contractual y calendario de autocall,True,True,True,global_52_all_without_noise+single_27_compact_core+worst_of_46_core,9807,3299,6508,worst_of,abs_spearman,0.21881677098158805,0.19815108473588175,0.33666490824824724,0.1896079127732419,0.15062862379629902,0.30968840721758967
protection_barrier_pct,numeric,contractual,estructura contractual y calendario de autocall,True,True,True,global_52_all_without_noise+single_27_compact_core+worst_of_46_core,9807,3299,6508,global,abs_spearman,0.3108177141055571,0.0009650148864882573,0.04895871111258218,0.2584136424537767,0.08215677388739451,0.0029393859366223596
observation_interval_months,numeric,contractual,estructura contractual y calendario de autocall,True,True,True,global_52_all_without_noise+single_27_compact_core+worst_of_46_core,9807,3299,6508,single,abs_spearman,0.22021637873928096,0.24786521308088247,0.23752494531016738,0.24246179765062653,0.3016303586814128,0.24431824424807908
basket_realized_vol_zscore_mean,numeric,market,volatilidad implicita/realizada y spreads de mercado,True,True,True,global_52_all_without_noise+single_27_compact_core+worst_of_46_core,9807,3299,6508,single,abs_spearman,0.025912632587623722,0.18757126769178195,0.039428000228928846,0.005838699050101901,0.03313656839689297,0.023905605186269108
no_call_period_months,numeric,contractual,estructura contractual y calendario de autocall,True,True,True,global_52_all_without_noise+single_27_compact_core+worst_of_46_core,9807,3299,6508,worst_of,abs_spearman,0.08659570098303557,,0.1665103104635191,0.06416398383191801,,0.1728859033538005
basket_realized_vol_trend_mean,numeric,market,volatilidad implicita/realizada y spreads de mercado,True,True,True,global_52_all_without_noise+single_27_compact_core+worst_of_46_core,9807,3299,6508,single,abs_spearman,0.011839611011000069,0.12527373566559363,0.03152664172216584,0.016097476313686496,0.0353737935851455,0.010678529017341228
basket_signature,categorical,basket,"composicion, complejidad y riesgo estructural de cesta",True,False,True,global_52_all_without_noise+worst_of_46_core,9807,3299,6508,global,category_median_spread_over_target_std,3.1055267565635325,2.7335922225952323,2.4056459462721502,2.0221210255408657,2.461558082783188,
highest_realized_vol_underlying,categorical,basket,"composicion, complejidad y riesgo estructural de cesta",True,False,True,global_52_all_without_noise+worst_of_46_core,9807,3299,6508,single,category_median_spread_over_target_std,1.3400700366022162,2.7335922225952323,1.4109803628324504,1.1908329368569788,2.461558082783188,1.4058878764625031
highest_structural_vol_underlying,categorical,basket,"composicion, complejidad y riesgo estructural de cesta",True,False,True,global_52_all_without_noise+worst_of_46_core,9807,3299,6508,single,category_median_spread_over_target_std,1.828006919538893,2.7335922225952323,1.5912426618647626,1.7555339363087212,2.461558082783188,1.426795834749492
lowest_realized_vol_underlying,categorical,basket,"composicion, complejidad y riesgo estructural de cesta",True,False,True,global_52_all_without_noise+worst_of_46_core,9807,3299,6508,single,category_median_spread_over_target_std,1.5864181052283972,2.7335922225952323,0.8432985974458596,1.5596503794381456,2.461558082783188,0.7411986091629409
lowest_structural_vol_underlying,categorical,basket,"composicion, complejidad y riesgo estructural de cesta",True,False,True,global_52_all_without_noise+worst_of_46_core,9807,3299,6508,single,category_median_spread_over_target_std,1.602282286280681,2.7335922225952323,1.3342966474611215,1.5668366401044034,2.461558082783188,0.9323570849297004
second_highest_structural_vol_underlying,categorical,basket,"composicion, complejidad y riesgo estructural de cesta",True,False,True,global_52_all_without_noise+worst_of_46_core,9807,3299,6508,global,category_median_spread_over_target_std,1.6396764273324933,,1.4925540542564437,1.1175794410331896,,1.0265577761128393
nominal_maturity_bucket,categorical,product,tipo de producto/madurez nominal como regimen,True,False,True,global_52_all_without_noise+worst_of_46_core,9807,3299,6508,worst_of,category_median_spread_over_target_std,1.2759334189194107,0.7487250631508111,1.6285842971760185,1.2063645324905037,0.829361367109915,1.6370242065362532
second_highest_realized_vol_underlying,categorical,basket,"composicion, complejidad y riesgo estructural de cesta",True,False,True,global_52_all_without_noise+worst_of_46_core,9807,3299,6508,global,category_median_spread_over_target_std,1.109586149028319,,0.9259836470636401,0.8982825832822258,,0.574394458433773
realized_vol_63d_mean,numeric,market,volatilidad implicita/realizada y spreads de mercado,True,False,True,global_52_all_without_noise+worst_of_46_core,9807,3299,6508,single,abs_spearman,0.10905735894341229,0.692432999374365,0.15717475550970222,0.1746908823207377,0.6963287547604915,0.10049110054385778
basket_realized_vol_21d_max,numeric,market,volatilidad implicita/realizada y spreads de mercado,True,False,True,global_52_all_without_noise+worst_of_46_core,9807,3299,6508,single,abs_spearman,0.0040866327179555325,0.6699739348985286,0.17387227027705968,0.07106953700054312,0.6823476143505348,0.10413800788993646
basket_realized_vol_126d_max,numeric,market,volatilidad implicita/realizada y spreads de mercado,True,False,True,global_52_all_without_noise+worst_of_46_core,9807,3299,6508,single,abs_spearman,0.010465006007553658,0.6447277006830877,0.16989467580123677,0.07407048787035347,0.7242638868933304,0.1186056614161955
basket_type,categorical,product,tipo de producto/madurez nominal como regimen,True,False,True,global_52_all_without_noise+worst_of_46_core,9807,3299,6508,global,category_median_spread_over_target_std,0.6357003978808078,,,0.5922869678157643,,
structural_base_vol_mean,numeric,basket,"composicion, complejidad y riesgo estructural de cesta",True,False,True,global_52_all_without_noise+worst_of_46_core,9807,3299,6508,single,abs_spearman,0.04858656368062599,0.5392759030940093,0.22617418745602214,0.053616746654158574,0.5170334377765058,0.22511181912383463
quoted_implied_vol,numeric,market,volatilidad implicita/realizada y spreads de mercado,True,False,True,global_52_all_without_noise+worst_of_46_core,9807,3299,6508,single,abs_spearman,0.04688373408023709,0.5162810318345655,0.21825124894181516,0.06982373851106549,0.4969118865249755,0.19263661339862564
worst_of_pressure,numeric,basket,"composicion, complejidad y riesgo estructural de cesta",True,False,True,global_52_all_without_noise+worst_of_46_core,9807,3299,6508,global,abs_spearman,0.44296191779166627,,0.3451124824775466,0.4193469261685725,,0.34954426843500375
underlying_HTTX,numeric,basket,"composicion, complejidad y riesgo estructural de cesta",True,False,True,global_52_all_without_noise+worst_of_46_core,9807,3299,6508,single,abs_spearman,0.1717459980040885,0.38228979639359356,0.30502129425993724,0.14574657530111793,0.41289884434329965,0.3202309271883466
worst_of_structural_base_vol_range,numeric,basket,"composicion, complejidad y riesgo estructural de cesta",True,False,True,global_52_all_without_noise+worst_of_46_core,9807,3299,6508,global,abs_spearman,0.37492929044373235,,0.19384552730951216,0.35225869620944855,,0.19482809476737825
worst_of_realized_vol_63d_range,numeric,basket,"composicion, complejidad y riesgo estructural de cesta",True,False,True,global_52_all_without_noise+worst_of_46_core,9807,3299,6508,global,abs_spearman,0.3606265488456023,,0.1634454758339306,0.3117711804902764,,0.09875537754003837
realized_vol_63d_range,numeric,market,volatilidad implicita/realizada y spreads de mercado,True,False,True,global_52_all_without_noise+worst_of_46_core,9807,3299,6508,global,abs_spearman,0.3606265488456023,,0.1634454758339306,0.3117711804902764,,0.09875537754003837
realized_to_structural_vol_ratio,numeric,market,volatilidad implicita/realizada y spreads de mercado,True,False,True,global_52_all_without_noise+worst_of_46_core,9807,3299,6508,single,abs_spearman,0.05499105918224609,0.35969024173898,0.041830733535499605,0.09704716715203107,0.2867910860655111,0.06023295780089265
structural_base_vol_top2_spread,numeric,basket,"composicion, complejidad y riesgo estructural de cesta",True,False,True,global_52_all_without_noise+worst_of_46_core,9807,3299,6508,global,abs_spearman,0.35640352537446923,,0.15377060990980443,0.34345792277185117,,0.1762335303867161
worst_of_structural_vol_top2_spread,numeric,basket,"composicion, complejidad y riesgo estructural de cesta",True,False,True,global_52_all_without_noise+worst_of_46_core,9807,3299,6508,global,abs_spearman,0.35640352537446923,,0.15377060990980443,0.34345792277185117,,0.1762335303867161
has_multiple_sectors,numeric,basket,"composicion, complejidad y riesgo estructural de cesta",True,False,True,global_52_all_without_noise+worst_of_46_core,9807,3299,6508,global,abs_spearman,0.35237911432855334,,,0.3242862791340134,,
realized_vol_63d_top2_spread,numeric,basket,"composicion, complejidad y riesgo estructural de cesta",True,False,True,global_52_all_without_noise+worst_of_46_core,9807,3299,6508,global,abs_spearman,0.3458848098461293,,0.13162649217512482,0.3024699640025711,,0.07838856722781129
worst_of_realized_vol_top2_spread,numeric,basket,"composicion, complejidad y riesgo estructural de cesta",True,False,True,global_52_all_without_noise+worst_of_46_core,9807,3299,6508,global,abs_spearman,0.3458848098461293,,0.13162649217512482,0.3024699640025711,,0.07838856722781129
no_call_fraction_of_maturity,numeric,contractual,estructura contractual y calendario de autocall,True,False,True,global_52_all_without_noise+worst_of_46_core,9807,3299,6508,worst_of,abs_spearman,0.00425182625959308,,0.34312153203018786,0.021652493236263757,,0.36035207947396725
realized_vol_dispersion_ratio,numeric,market,volatilidad implicita/realizada y spreads de mercado,True,False,True,global_52_all_without_noise+worst_of_46_core,9807,3299,6508,global,abs_spearman,0.3421163800680213,,0.1195192006379821,0.3056970632837354,,0.08330076894646155
underlying_REBL,numeric,basket,"composicion, complejidad y riesgo estructural de cesta",True,False,True,global_52_all_without_noise+worst_of_46_core,9807,3299,6508,single,abs_spearman,0.15916806781231177,0.34070641162450077,0.2014750958207248,0.17705084602460608,0.3827271151135334,0.1942808067691114
underlying_JEDI,numeric,basket,"composicion, complejidad y riesgo estructural de cesta",True,False,True,global_52_all_without_noise+worst_of_46_core,9807,3299,6508,single,abs_spearman,0.1239008792715472,0.3137205082729414,0.0020187529999656107,0.08694595513562695,0.25892940737493975,0.02915013577968438
underlying_NABO,numeric,basket,"composicion, complejidad y riesgo estructural de cesta",True,False,True,global_52_all_without_noise+worst_of_46_core,9807,3299,6508,single,abs_spearman,0.10706785826196215,0.29027734926478943,0.021033055414521013,0.12885998719824338,0.3139015903325327,0.005432384110203291
underlying_CLNE,numeric,basket,"composicion, complejidad y riesgo estructural de cesta",True,False,True,global_52_all_without_noise+worst_of_46_core,9807,3299,6508,single,abs_spearman,0.11152230731111935,0.26634646910675,0.00889863959039671,0.1192009188300919,0.26323311742288946,0.021703653713529777
underlying_POBK,numeric,basket,"composicion, complejidad y riesgo estructural de cesta",True,False,True,global_52_all_without_noise+worst_of_46_core,9807,3299,6508,single,abs_spearman,0.03618685667183645,0.20036881155695838,0.053134055084678056,0.005744799073013346,0.20341309009818842,0.0442465890632996
basket_realized_vol_zscore_max,numeric,market,volatilidad implicita/realizada y spreads de mercado,True,False,True,global_52_all_without_noise+worst_of_46_core,9807,3299,6508,single,abs_spearman,0.03494485018885293,0.18757126769178195,0.04089164580121605,0.055261579672265235,0.03313656839689297,0.011398108385022362
structural_base_vol_second_highest,numeric,basket,"composicion, complejidad y riesgo estructural de cesta",True,False,True,global_52_all_without_noise+worst_of_46_core,9807,3299,6508,global,abs_spearman,0.13959761390807582,,0.13959761390807582,0.14126432679076997,,0.14126432679076997
basket_realized_vol_trend_max,numeric,market,volatilidad implicita/realizada y spreads de mercado,True,False,True,global_52_all_without_noise+worst_of_46_core,9807,3299,6508,single,abs_spearman,0.04659416403061965,0.12527373566559363,0.042676148305202305,0.07537360746646884,0.0353737935851455,0.02902082326817121
underlying_KYBR,numeric,basket,"composicion, complejidad y riesgo estructural de cesta",True,False,True,global_52_all_without_noise+worst_of_46_core,9807,3299,6508,single,abs_spearman,0.05003158099362398,0.12011574146061436,0.025712581950727554,0.11000368819480055,0.1606429829614158,0.036722403323237444
pair_HTTX_TECH,numeric,basket,"composicion, complejidad y riesgo estructural de cesta",True,False,True,global_52_all_without_noise+worst_of_46_core,9807,3299,6508,worst_of,abs_spearman,0.11064221874397863,,0.11199563976759405,0.11869105349562187,,0.12030283727985312
realized_vol_63d_second_highest,numeric,basket,"composicion, complejidad y riesgo estructural de cesta",True,False,True,global_52_all_without_noise+worst_of_46_core,9807,3299,6508,global,abs_spearman,0.10302958798253814,,0.10302958798253814,0.0749524534325693,,0.0749524534325693
pair_BSKR_HTTX,numeric,basket,"composicion, complejidad y riesgo estructural de cesta",True,False,True,global_52_all_without_noise+worst_of_46_core,9807,3299,6508,global,abs_spearman,0.10208891095976995,,0.10092846168304445,0.13241337053301044,,0.14082631158358783
pair_HTTX_WOOK,numeric,basket,"composicion, complejidad y riesgo estructural de cesta",True,False,True,global_52_all_without_noise+worst_of_46_core,9807,3299,6508,global,abs_spearman,0.1013564666348836,,0.0972088216902642,0.09034844386022627,,0.08433900011271818
pair_HTTX_POBK,numeric,basket,"composicion, complejidad y riesgo estructural de cesta",True,False,True,global_52_all_without_noise+worst_of_46_core,9807,3299,6508,global,abs_spearman,0.10067591729850497,,0.10013169007754162,0.11058719836791148,,0.11434170052808065
estimated_observation_count,numeric,contractual,estructura contractual y calendario de autocall,True,False,True,global_52_all_without_noise+worst_of_46_core,9807,3299,6508,single,abs_spearman,0.02795197809707695,0.09958591209249368,0.07950070571261307,0.008369147896941938,0.1386654453836146,0.05789108696168805
post_no_call_observation_count,numeric,contractual,estructura contractual y calendario de autocall,True,False,True,global_52_all_without_noise+worst_of_46_core,9807,3299,6508,single,abs_spearman,0.03141490589214327,0.09958591209249368,0.09527530465337886,0.004056703595721985,0.1386654453836146,0.07573103365184042
pair_CLNE_HTTX,numeric,basket,"composicion, complejidad y riesgo estructural de cesta",True,False,True,global_52_all_without_noise+worst_of_46_core,9807,3299,6508,worst_of,abs_spearman,0.09743319860304808,,0.0993906177923834,0.08874361984527047,,0.08090024237701143
pair_HTTX_JEDI,numeric,basket,"composicion, complejidad y riesgo estructural de cesta",True,False,True,global_52_all_without_noise+worst_of_46_core,9807,3299,6508,global,abs_spearman,0.09811126975977293,,0.09581678378266845,0.10819795734528903,,0.1211602649809461
pair_CORL_HTTX,numeric,basket,"composicion, complejidad y riesgo estructural de cesta",True,False,True,global_52_all_without_noise+worst_of_46_core,9807,3299,6508,global,abs_spearman,0.0971713704224369,,0.09562383854116695,0.0986656083883388,,0.09096845114071386
pair_HTTX_NABO,numeric,basket,"composicion, complejidad y riesgo estructural de cesta",True,False,True,global_52_all_without_noise+worst_of_46_core,9807,3299,6508,global,abs_spearman,0.0932596201149929,,0.09152638098941016,0.08039479763415855,,0.07804001006708056
pair_DRC_HTTX,numeric,basket,"composicion, complejidad y riesgo estructural de cesta",True,False,True,global_52_all_without_noise+worst_of_46_core,9807,3299,6508,global,abs_spearman,0.08999825248675317,,0.08687503095877142,0.10142391025530918,,0.10840975175888502
underlying_MNDO,numeric,basket,"composicion, complejidad y riesgo estructural de cesta",True,False,True,global_52_all_without_noise+worst_of_46_core,9807,3299,6508,single,abs_spearman,0.012458791781186418,0.08984962920958589,0.010220875778126188,0.0333270152040602,0.08646493869651402,0.010616455554583334
pair_NABO_REBL,numeric,basket,"composicion, complejidad y riesgo estructural de cesta",True,False,True,global_52_all_without_noise+worst_of_46_core,9807,3299,6508,worst_of,abs_spearman,0.04538556313227816,,0.08895143151254864,0.029193826003268118,,0.07301326446732372
pair_HTTX_SITH,numeric,basket,"composicion, complejidad y riesgo estructural de cesta",True,False,True,global_52_all_without_noise+worst_of_46_core,9807,3299,6508,global,abs_spearman,0.08763918517236895,,0.08356554892145143,0.06183934315718243,,0.05333788447410047
pair_HTTX_REBL,numeric,basket,"composicion, complejidad y riesgo estructural de cesta",True,False,True,global_52_all_without_noise+worst_of_46_core,9807,3299,6508,global,abs_spearman,0.08706303060484258,,0.0810047472368523,0.09921772536119838,,0.0910751620749107
pair_KYBR_REBL,numeric,basket,"composicion, complejidad y riesgo estructural de cesta",True,False,True,global_52_all_without_noise+worst_of_46_core,9807,3299,6508,worst_of,abs_spearman,0.044506489728162964,,0.0856406327577634,0.001957002207233641,,0.033144302701316554
pair_HTTX_MNDO,numeric,basket,"composicion, complejidad y riesgo estructural de cesta",True,False,True,global_52_all_without_noise+worst_of_46_core,9807,3299,6508,global,abs_spearman,0.08404381165272472,,0.07769906728472137,0.09589632028329562,,0.09265837990759712
is_daily_observation,numeric,contractual,estructura contractual y calendario de autocall,True,False,True,global_52_all_without_noise+worst_of_46_core,9807,3299,6508,single,abs_spearman,0.06225066366432826,0.0831708156283358,0.07082029835880746,0.06886544824290435,0.08800726975852154,0.0721239890090221
pair_HTTX_KYBR,numeric,basket,"composicion, complejidad y riesgo estructural de cesta",True,False,True,global_52_all_without_noise+worst_of_46_core,9807,3299,6508,global,abs_spearman,0.08045866481042917,,0.0735503209289959,0.107061640897562,,0.11290696186125364
pair_REBL_TECH,numeric,basket,"composicion, complejidad y riesgo estructural de cesta",True,False,True,global_52_all_without_noise+worst_of_46_core,9807,3299,6508,worst_of,abs_spearman,0.032672957008206036,,0.07753614760387859,0.011004785051018566,,0.05372820309945809
underlying_CORL,numeric,basket,"composicion, complejidad y riesgo estructural de cesta",True,False,True,global_52_all_without_noise+worst_of_46_core,9807,3299,6508,global,abs_spearman,0.07457224255088366,0.05478257357062516,0.026491863531171046,0.08295087545318815,0.08042695135991476,0.03261242005861993
underlying_TECH,numeric,basket,"composicion, complejidad y riesgo estructural de cesta",True,False,True,global_52_all_without_noise+worst_of_46_core,9807,3299,6508,single,abs_spearman,0.016938569169457067,0.0707866272880938,0.0065594477088991845,0.026602044110767026,0.03585222856613288,0.007709702147599991
pair_BSKR_REBL,numeric,basket,"composicion, complejidad y riesgo estructural de cesta",True,False,True,global_52_all_without_noise+worst_of_46_core,9807,3299,6508,worst_of,abs_spearman,0.024613694160280697,,0.06882241070329224,0.03153698887063331,,0.07679876058126288
pair_JEDI_REBL,numeric,basket,"composicion, complejidad y riesgo estructural de cesta",True,False,True,global_52_all_without_noise+worst_of_46_core,9807,3299,6508,worst_of,abs_spearman,0.023848272358665226,,0.06785839334566057,0.01353535949288923,,0.0422244223388213
pair_CORL_POBK,numeric,basket,"composicion, complejidad y riesgo estructural de cesta",True,False,True,global_52_all_without_noise+worst_of_46_core,9807,3299,6508,global,abs_spearman,0.061941793541171984,,0.04306982437702047,0.07330207090150996,,0.06655097807397337
pair_CLNE_REBL,numeric,basket,"composicion, complejidad y riesgo estructural de cesta",True,False,True,global_52_all_without_noise+worst_of_46_core,9807,3299,6508,worst_of,abs_spearman,0.019741840130036867,,0.05662358663595541,0.028676820141841877,,0.06788962167805429
pair_BSKR_POBK,numeric,basket,"composicion, complejidad y riesgo estructural de cesta",True,False,True,global_52_all_without_noise+worst_of_46_core,9807,3299,6508,global,abs_spearman,0.05514561602777869,,0.03665245279762709,0.03415934605749323,,0.009314832105800294
underlying_WOOK,numeric,basket,"composicion, complejidad y riesgo estructural de cesta",True,False,True,global_52_all_without_noise+worst_of_46_core,9807,3299,6508,global,abs_spearman,0.05332801075543604,0.038344087059648466,0.007840629733531545,0.02659002514045481,0.131818847441954,0.05947842281821659
pair_MNDO_REBL,numeric,basket,"composicion, complejidad y riesgo estructural de cesta",True,False,True,global_52_all_without_noise+worst_of_46_core,9807,3299,6508,worst_of,abs_spearman,0.015495197345415082,,0.05277870119852017,0.018198326890069647,,0.060512057046911094
pair_CLNE_CORL,numeric,basket,"composicion, complejidad y riesgo estructural de cesta",True,False,True,global_52_all_without_noise+worst_of_46_core,9807,3299,6508,global,abs_spearman,0.05259361469189322,,0.032115577468847765,0.008449749986407294,,0.017088608308913275
pair_CORL_REBL,numeric,basket,"composicion, complejidad y riesgo estructural de cesta",True,False,True,global_52_all_without_noise+worst_of_46_core,9807,3299,6508,worst_of,abs_spearman,0.01212880152510876,,0.05165767502465371,0.008214285473281234,,0.023634045825936627
pair_CLNE_POBK,numeric,basket,"composicion, complejidad y riesgo estructural de cesta",True,False,True,global_52_all_without_noise+worst_of_46_core,9807,3299,6508,global,abs_spearman,0.0485409931765686,,0.029600691454835716,0.07163789938630268,,0.06172521596465462
pair_JEDI_SITH,numeric,basket,"composicion, complejidad y riesgo estructural de cesta",True,False,True,global_52_all_without_noise+worst_of_46_core,9807,3299,6508,global,abs_spearman,0.04807282318726482,,0.026003929842555444,0.04539451036388989,,0.03056682095197644
pair_DRC_REBL,numeric,basket,"composicion, complejidad y riesgo estructural de cesta",True,False,True,global_52_all_without_noise+worst_of_46_core,9807,3299,6508,worst_of,abs_spearman,0.009376214449629801,,0.04794419108504562,0.013257625392208306,,0.0524707056234989
pair_POBK_REBL,numeric,basket,"composicion, complejidad y riesgo estructural de cesta",True,False,True,global_52_all_without_noise+worst_of_46_core,9807,3299,6508,worst_of,abs_spearman,0.009028023291114087,,0.04756741195561298,0.022459640689823625,,0.0632745378165245
pair_REBL_WOOK,numeric,basket,"composicion, complejidad y riesgo estructural de cesta",True,False,True,global_52_all_without_noise+worst_of_46_core,9807,3299,6508,worst_of,abs_spearman,0.009174944356184817,,0.04737767039109254,0.029420290961824316,,0.07505935662897964
pair_DRC_POBK,numeric,basket,"composicion, complejidad y riesgo estructural de cesta",True,False,True,global_52_all_without_noise+worst_of_46_core,9807,3299,6508,global,abs_spearman,0.04682994343383384,,0.026974076180120498,0.045087210466430896,,0.031781153857675305
underlying_DRC,numeric,basket,"composicion, complejidad y riesgo estructural de cesta",True,False,True,global_52_all_without_noise+worst_of_46_core,9807,3299,6508,single,abs_spearman,0.023680401073235612,0.0436928435847568,0.011158964301121252,0.025595155684929576,0.01426027392235251,0.017606880087817807
underlying_SITH,numeric,basket,"composicion, complejidad y riesgo estructural de cesta",True,False,True,global_52_all_without_noise+worst_of_46_core,9807,3299,6508,global,abs_spearman,0.042940545899905626,0.032536257027932836,0.0015047154480924483,0.00809567845637517,0.05058814731005417,0.07847162298502691
pair_JEDI_POBK,numeric,basket,"composicion, complejidad y riesgo estructural de cesta",True,False,True,global_52_all_without_noise+worst_of_46_core,9807,3299,6508,global,abs_spearman,0.042787875670231824,,0.018515022860730465,0.005952548461357092,,0.016015086836213464
pair_POBK_WOOK,numeric,basket,"composicion, complejidad y riesgo estructural de cesta",True,False,True,global_52_all_without_noise+worst_of_46_core,9807,3299,6508,global,abs_spearman,0.0419476372588266,,0.021825280892315568,0.026181190065541798,,0.002405009075809512
pair_POBK_TECH,numeric,basket,"composicion, complejidad y riesgo estructural de cesta",True,False,True,global_52_all_without_noise+worst_of_46_core,9807,3299,6508,global,abs_spearman,0.04194321619477763,,0.01842187577861047,0.054584144368739464,,0.04026703978817075
pair_CORL_TECH,numeric,basket,"composicion, complejidad y riesgo estructural de cesta",True,False,True,global_52_all_without_noise+worst_of_46_core,9807,3299,6508,global,abs_spearman,0.041154977046599796,,0.016298773906782263,0.023150755240195563,,0.0032190944345517536
pair_BSKR_CLNE,numeric,basket,"composicion, complejidad y riesgo estructural de cesta",True,False,True,global_52_all_without_noise+worst_of_46_core,9807,3299,6508,global,abs_spearman,0.039454636843594376,,0.017142129226665095,0.029084636559622148,,0.007994519254283424
pair_SITH_TECH,numeric,basket,"composicion, complejidad y riesgo estructural de cesta",True,False,True,global_52_all_without_noise+worst_of_46_core,9807,3299,6508,global,abs_spearman,0.03852878606322619,,0.013837938362364842,0.03345184505711614,,0.011034506349358836
pair_MNDO_WOOK,numeric,basket,"composicion, complejidad y riesgo estructural de cesta",True,False,True,global_52_all_without_noise+worst_of_46_core,9807,3299,6508,global,abs_spearman,0.03830354711300981,,0.01372761844220474,0.03419016944342478,,0.01689558457683086
pair_CORL_NABO,numeric,basket,"composicion, complejidad y riesgo estructural de cesta",True,False,True,global_52_all_without_noise+worst_of_46_core,9807,3299,6508,global,abs_spearman,0.03790315668305951,,0.009996761661305508,0.022499538232832246,,0.001207577391836672
underlying_BSKR,numeric,basket,"composicion, complejidad y riesgo estructural de cesta",True,False,True,global_52_all_without_noise+worst_of_46_core,9807,3299,6508,global,abs_spearman,0.03672156585934662,0.029040532660405214,0.003628717396487119,0.0520267176967424,0.002752789461118024,0.031805884407263174
pair_NABO_POBK,numeric,basket,"composicion, complejidad y riesgo estructural de cesta",True,False,True,global_52_all_without_noise+worst_of_46_core,9807,3299,6508,global,abs_spearman,0.03658410749856371,,0.009986431254676256,0.012354728645288313,,0.012120499006953266
pair_JEDI_TECH,numeric,basket,"composicion, complejidad y riesgo estructural de cesta",True,False,True,global_52_all_without_noise+worst_of_46_core,9807,3299,6508,global,abs_spearman,0.036488946853586286,,0.01151864949193629,0.0010829895113965242,,0.028046187562832874
pair_BSKR_WOOK,numeric,basket,"composicion, complejidad y riesgo estructural de cesta",True,False,True,global_52_all_without_noise+worst_of_46_core,9807,3299,6508,global,abs_spearman,0.03627157789920929,,0.01444023238658274,0.030618621550639134,,0.0058015162792037596
pair_DRC_SITH,numeric,basket,"composicion, complejidad y riesgo estructural de cesta",True,False,True,global_52_all_without_noise+worst_of_46_core,9807,3299,6508,global,abs_spearman,0.035823104094986465,,0.011069676238053062,0.010763465679425443,,0.02418297652716565
pair_KYBR_MNDO,numeric,basket,"composicion, complejidad y riesgo estructural de cesta",True,False,True,global_52_all_without_noise+worst_of_46_core,9807,3299,6508,global,abs_spearman,0.03580591401776534,,0.012437617573017926,0.009779463789805829,,0.020375432220944546
pair_CLNE_KYBR,numeric,basket,"composicion, complejidad y riesgo estructural de cesta",True,False,True,global_52_all_without_noise+worst_of_46_core,9807,3299,6508,global,abs_spearman,0.03524425350710265,,0.013184647159055487,0.05601084719801049,,0.04369303290518905
pair_REBL_SITH,numeric,basket,"composicion, complejidad y riesgo estructural de cesta",True,False,True,global_52_all_without_noise+worst_of_46_core,9807,3299,6508,worst_of,abs_spearman,0.000593496526821006,,0.034882466231646814,0.029749833251578164,,0.07481943454546994
pair_DRC_WOOK,numeric,basket,"composicion, complejidad y riesgo estructural de cesta",True,False,True,global_52_all_without_noise+worst_of_46_core,9807,3299,6508,global,abs_spearman,0.03469851973656231,,0.008757917404950424,0.01717465107626985,,0.01151230232735213
pair_BSKR_MNDO,numeric,basket,"composicion, complejidad y riesgo estructural de cesta",True,False,True,global_52_all_without_noise+worst_of_46_core,9807,3299,6508,worst_of,abs_spearman,0.0008719415021510626,,0.03419601442564417,0.04066403083202566,,0.024412617450012653
pair_POBK_SITH,numeric,basket,"composicion, complejidad y riesgo estructural de cesta",True,False,True,global_52_all_without_noise+worst_of_46_core,9807,3299,6508,global,abs_spearman,0.03414841985053296,,0.00975657575823882,0.0006325492955137892,,0.029265116298461576
pair_KYBR_WOOK,numeric,basket,"composicion, complejidad y riesgo estructural de cesta",True,False,True,global_52_all_without_noise+worst_of_46_core,9807,3299,6508,global,abs_spearman,0.03401949498940101,,0.00546025850350142,0.007869897728283419,,0.046554790470003944
pair_CORL_SITH,numeric,basket,"composicion, complejidad y riesgo estructural de cesta",True,False,True,global_52_all_without_noise+worst_of_46_core,9807,3299,6508,global,abs_spearman,0.03325389834222027,,0.004146527966213017,0.0041886690799825856,,0.0370043983926301
pair_NABO_WOOK,numeric,basket,"composicion, complejidad y riesgo estructural de cesta",True,False,True,global_52_all_without_noise+worst_of_46_core,9807,3299,6508,global,abs_spearman,0.033249937254247096,,0.005760382819191518,0.01921849462808167,,0.051252888811441626
pair_MNDO_TECH,numeric,basket,"composicion, complejidad y riesgo estructural de cesta",True,False,True,global_52_all_without_noise+worst_of_46_core,9807,3299,6508,global,abs_spearman,0.03295766583571243,,0.007369872905636949,0.07719047533879796,,0.06843857830146952
pair_KYBR_TECH,numeric,basket,"composicion, complejidad y riesgo estructural de cesta",True,False,True,global_52_all_without_noise+worst_of_46_core,9807,3299,6508,worst_of,abs_spearman,0.0003714851629190851,,0.03260320812453061,0.006457080926342467,,0.025574699944528042
pair_MNDO_POBK,numeric,basket,"composicion, complejidad y riesgo estructural de cesta",True,False,True,global_52_all_without_noise+worst_of_46_core,9807,3299,6508,global,abs_spearman,0.03190485459003718,,0.009261263749439213,0.014336323581611608,,0.008096696595343032
pair_BSKR_TECH,numeric,basket,"composicion, complejidad y riesgo estructural de cesta",True,False,True,global_52_all_without_noise+worst_of_46_core,9807,3299,6508,global,abs_spearman,0.030621244679855525,,0.002902844778160655,0.025617617393013978,,0.006291061602399276
pair_BSKR_CORL,numeric,basket,"composicion, complejidad y riesgo estructural de cesta",True,False,True,global_52_all_without_noise+worst_of_46_core,9807,3299,6508,global,abs_spearman,0.030491513755197604,,0.004208083892921204,0.04805506945288852,,0.028401635173321556
pair_CORL_KYBR,numeric,basket,"composicion, complejidad y riesgo estructural de cesta",True,False,True,global_52_all_without_noise+worst_of_46_core,9807,3299,6508,global,abs_spearman,0.029580516014246754,,0.0015422259944064005,0.04326438600070067,,0.024032152838964392
pair_JEDI_MNDO,numeric,basket,"composicion, complejidad y riesgo estructural de cesta",True,False,True,global_52_all_without_noise+worst_of_46_core,9807,3299,6508,global,abs_spearman,0.029559106096336125,,0.0036784085727326428,0.0035417017118372415,,0.03385673424306873
pair_CORL_MNDO,numeric,basket,"composicion, complejidad y riesgo estructural de cesta",True,False,True,global_52_all_without_noise+worst_of_46_core,9807,3299,6508,global,abs_spearman,0.029547048441553526,,0.002512439724664052,0.004463267674361102,,0.03349022998817109
pair_CORL_WOOK,numeric,basket,"composicion, complejidad y riesgo estructural de cesta",True,False,True,global_52_all_without_noise+worst_of_46_core,9807,3299,6508,global,abs_spearman,0.029413992663039616,,0.0035304969095562135,0.058925121404617316,,0.04521620022024894
pair_CLNE_MNDO,numeric,basket,"composicion, complejidad y riesgo estructural de cesta",True,False,True,global_52_all_without_noise+worst_of_46_core,9807,3299,6508,global,abs_spearman,0.02937414086021484,,0.000992714694731518,0.05153167165087505,,0.03437125834729945
pair_BSKR_DRC,numeric,basket,"composicion, complejidad y riesgo estructural de cesta",True,False,True,global_52_all_without_noise+worst_of_46_core,9807,3299,6508,global,abs_spearman,0.02921200255211829,,1.5937676908644754e-05,0.004426834076072315,,0.038258082393064004
pair_CLNE_TECH,numeric,basket,"composicion, complejidad y riesgo estructural de cesta",True,False,True,global_52_all_without_noise+worst_of_46_core,9807,3299,6508,global,abs_spearman,0.02907346735097694,,0.00246339148512091,0.018840360662581594,,0.002444971509397707
pair_KYBR_NABO,numeric,basket,"composicion, complejidad y riesgo estructural de cesta",True,False,True,global_52_all_without_noise+worst_of_46_core,9807,3299,6508,global,abs_spearman,0.02840965786893894,,0.0015625000881017092,0.06813528623011404,,0.05466817584505074
pair_MNDO_SITH,numeric,basket,"composicion, complejidad y riesgo estructural de cesta",True,False,True,global_52_all_without_noise+worst_of_46_core,9807,3299,6508,worst_of,abs_spearman,0.007491414378982725,,0.027521497696226374,0.004499127355128945,,0.036117633912555534
pair_CORL_DRC,numeric,basket,"composicion, complejidad y riesgo estructural de cesta",True,False,True,global_52_all_without_noise+worst_of_46_core,9807,3299,6508,global,abs_spearman,0.027513961590844873,,0.0019520735457557279,0.03037605274489064,,0.008964727901647918
pair_JEDI_KYBR,numeric,basket,"composicion, complejidad y riesgo estructural de cesta",True,False,True,global_52_all_without_noise+worst_of_46_core,9807,3299,6508,global,abs_spearman,0.027496164294635358,,0.001115594178371307,0.06719040911502167,,0.059558255458449574
pair_CLNE_WOOK,numeric,basket,"composicion, complejidad y riesgo estructural de cesta",True,False,True,global_52_all_without_noise+worst_of_46_core,9807,3299,6508,global,abs_spearman,0.027429495919573606,,0.0025811207270433427,0.00282314058500088,,0.029897803181002516
pair_KYBR_SITH,numeric,basket,"composicion, complejidad y riesgo estructural de cesta",True,False,True,global_52_all_without_noise+worst_of_46_core,9807,3299,6508,global,abs_spearman,0.02685655851964995,,0.002889603444194868,0.04026817084919651,,0.015870802907809095
pair_DRC_JEDI,numeric,basket,"composicion, complejidad y riesgo estructural de cesta",True,False,True,global_52_all_without_noise+worst_of_46_core,9807,3299,6508,global,abs_spearman,0.02613274287272927,,0.0019853260914578547,0.004413358173253222,,0.030536152405622467
pair_BSKR_KYBR,numeric,basket,"composicion, complejidad y riesgo estructural de cesta",True,False,True,global_52_all_without_noise+worst_of_46_core,9807,3299,6508,global,abs_spearman,0.026028045680501075,,0.001411939096862143,0.05231729468410743,,0.038573869790851915
pair_NABO_SITH,numeric,basket,"composicion, complejidad y riesgo estructural de cesta",True,False,True,global_52_all_without_noise+worst_of_46_core,9807,3299,6508,global,abs_spearman,0.025907498820983994,,0.0005363513864582986,0.034881820611671756,,0.009971104493767523
pair_DRC_MNDO,numeric,basket,"composicion, complejidad y riesgo estructural de cesta",True,False,True,global_52_all_without_noise+worst_of_46_core,9807,3299,6508,global,abs_spearman,0.02542569645015113,,0.00027009150228589937,0.04551152146456174,,0.03267913139390106
pair_KYBR_POBK,numeric,basket,"composicion, complejidad y riesgo estructural de cesta",True,False,True,global_52_all_without_noise+worst_of_46_core,9807,3299,6508,global,abs_spearman,0.025282612391322047,,0.0034561672421581837,0.025260579834391342,,0.0030762160112571975
pair_BSKR_NABO,numeric,basket,"composicion, complejidad y riesgo estructural de cesta",True,False,True,global_52_all_without_noise+worst_of_46_core,9807,3299,6508,global,abs_spearman,0.025278166249824038,,0.005392141578699493,0.03774218542522022,,0.020217757570424363
pair_BSKR_JEDI,numeric,basket,"composicion, complejidad y riesgo estructural de cesta",True,False,True,global_52_all_without_noise+worst_of_46_core,9807,3299,6508,global,abs_spearman,0.025221143400723695,,0.00628098205117925,0.005606979908957663,,0.025026744189895932
pair_BSKR_SITH,numeric,basket,"composicion, complejidad y riesgo estructural de cesta",True,False,True,global_52_all_without_noise+worst_of_46_core,9807,3299,6508,global,abs_spearman,0.024446525672529636,,0.004341155665597471,0.04515595640198439,,0.029964942620995187
pair_CLNE_DRC,numeric,basket,"composicion, complejidad y riesgo estructural de cesta",True,False,True,global_52_all_without_noise+worst_of_46_core,9807,3299,6508,global,abs_spearman,0.024313023246432874,,0.0073987239604140324,0.008807648418546431,,0.01686135839712687
pair_MNDO_NABO,numeric,basket,"composicion, complejidad y riesgo estructural de cesta",True,False,True,global_52_all_without_noise+worst_of_46_core,9807,3299,6508,global,abs_spearman,0.02369140725689665,,0.003792243678183643,0.05586634006762363,,0.03863650848914902
pair_TECH_WOOK,numeric,basket,"composicion, complejidad y riesgo estructural de cesta",True,False,True,global_52_all_without_noise+worst_of_46_core,9807,3299,6508,global,abs_spearman,0.02270089013846756,,0.009044213233932936,0.010414646655391076,,0.02102118735956402
pair_SITH_WOOK,numeric,basket,"composicion, complejidad y riesgo estructural de cesta",True,False,True,global_52_all_without_noise+worst_of_46_core,9807,3299,6508,global,abs_spearman,0.022342674098515532,,0.007307666843852077,0.014968111805738399,,0.052605962162861966
pair_DRC_TECH,numeric,basket,"composicion, complejidad y riesgo estructural de cesta",True,False,True,global_52_all_without_noise+worst_of_46_core,9807,3299,6508,global,abs_spearman,0.022224750742814957,,0.008922088390629506,0.004570275721766436,,0.039277049124658306
pair_CORL_JEDI,numeric,basket,"composicion, complejidad y riesgo estructural de cesta",True,False,True,global_52_all_without_noise+worst_of_46_core,9807,3299,6508,global,abs_spearman,0.022208089347832423,,0.005007656136773266,0.0338653988391256,,0.0094741099416881
pair_NABO_TECH,numeric,basket,"composicion, complejidad y riesgo estructural de cesta",True,False,True,global_52_all_without_noise+worst_of_46_core,9807,3299,6508,global,abs_spearman,0.021971538724096077,,0.006826996749229012,0.018281102887065744,,0.013262380223910597
pair_DRC_KYBR,numeric,basket,"composicion, complejidad y riesgo estructural de cesta",True,False,True,global_52_all_without_noise+worst_of_46_core,9807,3299,6508,worst_of,abs_spearman,0.011077718239335585,,0.021716222285729107,0.017214949181704388,,0.005516094259007022
pair_JEDI_NABO,numeric,basket,"composicion, complejidad y riesgo estructural de cesta",True,False,True,global_52_all_without_noise+worst_of_46_core,9807,3299,6508,global,abs_spearman,0.02157103010589927,,0.009583220314272708,0.016106240073168594,,0.050772736349204185
pair_DRC_NABO,numeric,basket,"composicion, complejidad y riesgo estructural de cesta",True,False,True,global_52_all_without_noise+worst_of_46_core,9807,3299,6508,worst_of,abs_spearman,0.012802136586610632,,0.019340517993870168,0.018447203275157323,,0.013288655999452604
pair_CLNE_NABO,numeric,basket,"composicion, complejidad y riesgo estructural de cesta",True,False,True,global_52_all_without_noise+worst_of_46_core,9807,3299,6508,global,abs_spearman,0.017999106504114185,,0.010302540424387018,0.046952773023960254,,0.03229151395948434
pair_JEDI_WOOK,numeric,basket,"composicion, complejidad y riesgo estructural de cesta",True,False,True,global_52_all_without_noise+worst_of_46_core,9807,3299,6508,worst_of,abs_spearman,0.015334717099532741,,0.01744590592350887,0.009472068425665276,,0.02314682020377303
pair_CLNE_JEDI,numeric,basket,"composicion, complejidad y riesgo estructural de cesta",True,False,True,global_52_all_without_noise+worst_of_46_core,9807,3299,6508,global,abs_spearman,0.016845826512038503,,0.014081934909402944,0.032997399633897244,,0.017999028183629823
pair_CLNE_SITH,numeric,basket,"composicion, complejidad y riesgo estructural de cesta",True,False,True,global_52_all_without_noise+worst_of_46_core,9807,3299,6508,worst_of,abs_spearman,0.0129629400344362,,0.014349065161827063,0.018917688003258524,,0.05364249151941524
requested_year,numeric,date,regimen temporal del RFQ,True,False,True,global_52_all_without_noise+worst_of_46_core,9807,3299,6508,global,abs_spearman,0.010026380451806304,0.007993627881346253,0.005304740790093889,,,
implied_minus_realized_vol_mean,numeric,market,volatilidad implicita/realizada y spreads de mercado,False,False,True,worst_of_46_core,9807,3299,6508,single,abs_spearman,0.057195602919030024,0.3988709811234118,0.06351212895896025,0.0893529145031356,0.33161588155842675,0.006251286359032293
