segment,feature,train_target_corr,validation_target_corr,corr_range,validation_sign_flip_vs_train,abs_validation_shift_in_train_sd
single,basket_realized_vol_trend_mean,-0.11548784773664797,0.1445625179111347,0.26005036564778267,True,0.002023415975083285
single,basket_realized_vol_trend_max,-0.11548784773664797,0.1445625179111347,0.26005036564778267,True,0.002023415975083285
single,basket_realized_vol_change_21d_mean,-0.08554009554325519,0.015205452432138958,0.10074554797539415,True,0.09678967141202219
single,basket_realized_vol_change_21d_max,-0.08554009554325519,0.015205452432138958,0.10074554797539415,True,0.09678967141202219
single,log_notional_credits,0.0023665943620911688,-0.06776625638191794,0.0701328507440091,True,0.06445398804431779
single,underlying_SITH,-0.0030787576335456323,0.00310474428560049,0.006183501919146122,True,0.0005940949041970268
single,basket_realized_vol_zscore_mean,-0.1718736597286232,-0.05579428167011059,0.11607937805851261,False,0.2243191962877912
single,basket_realized_vol_zscore_max,-0.1718736597286232,-0.05579428167011059,0.11607937805851261,False,0.2243191962877912
single,autocall_to_protection_ratio,0.1624508091037264,0.08313823015092642,0.07931257895279997,False,0.020883373496727992
single,notional_credits,-0.0026221865314294645,-0.08097717302069803,0.07835498648926856,False,0.02471014973258084
single,protection_barrier_pct,0.0021339044106911723,0.07825886662019847,0.0761249622095073,False,0.02056067198022657
single,protection_buffer_pct,-0.002133904410691178,-0.07825886662019847,0.07612496220950729,False,0.02056067198022445
single,underlying_WOOK,0.00414870109804575,0.07588987182774974,0.07174117072970398,False,0.03915327300777386
single,barrier_gap_pct,0.19481734326789243,0.1290428251328104,0.06577451813508203,False,0.02073904107593342
single,quoted_to_structural_vol_ratio,-0.005346661826570053,-0.06968625519270552,0.06433959336613547,False,0.03184421217205677
single,underlying_JEDI,0.36290015964043465,0.3031519492792697,0.059748210361164955,False,0.11411270311268376
single,quoted_minus_structural_vol_mean,-0.05468723171010679,-0.10979886823244464,0.05511163652233785,False,0.04891548395671073
single,callable_maturity_months,0.3073455381994235,0.36122560157824757,0.05388006337882406,False,0.04586185573030927
single,nominal_maturity_months,0.3073455381994235,0.36122560157824757,0.05388006337882406,False,0.04586185573030927
single,quoted_to_realized_vol_ratio,0.3167724056420868,0.27137447323004316,0.04539793241204365,False,0.0686791784565282
single,requested_quarter,-0.02571950151867526,-0.0700631798680281,0.044343678349352836,False,0.006381282039897488
single,underlying_NABO,0.340611522343605,0.3834031064206423,0.042791584077037315,False,0.06410963429519495
single,basket_realized_vol_126d_mean,-0.5954495111136991,-0.6376552282291227,0.042205717115423536,False,0.012320841385825013
single,basket_realized_vol_126d_max,-0.5954495111136991,-0.6376552282291227,0.042205717115423536,False,0.012320841385825013
single,underlying_KYBR,0.09072709381284033,0.13034739078621785,0.03962029697337752,False,0.06794588599761303
single,requested_month,-0.027068306261722165,-0.0648323144751297,0.037764008213407536,False,0.010272963964085651
single,autocall_barrier_pct,0.22219392236390023,0.18597557134071654,0.03621835102318369,False,0.012410091129888586
single,autocall_barrier_above_par_pct,0.22219392236390023,0.18597557134071657,0.03621835102318366,False,0.012410091129890112
single,underlying_REBL,-0.292682023946661,-0.3284260689007455,0.03574404495408451,False,0.0935557049752384
single,underlying_TECH,-0.08914099230213614,-0.057312702702621975,0.03182828959951416,False,0.03699689763038625
single,implied_minus_realized_vol_mean,0.4231198760712656,0.39422511267760113,0.02889476339366448,False,0.0638846367646224
single,realized_vol_63d_mean,-0.6076098026318986,-0.6348777884828036,0.027267985850905063,False,0.009845322498505012
single,realized_vol_63d_min,-0.6076098026318986,-0.6348777884828036,0.027267985850905063,False,0.009845322498505012
single,realized_vol_63d_max,-0.6076098026318986,-0.6348777884828036,0.027267985850905063,False,0.009845322498505012
single,underlying_DRC,-0.06424789197699447,-0.03910108536598453,0.025146806611009945,False,0.040263113516127644
single,underlying_HTTX,-0.32857364521115756,-0.35255366567007396,0.023980020458916396,False,0.09806963256158456
single,realized_minus_structural_vol_mean,-0.4387003385261257,-0.41506361650474405,0.023636722021381673,False,0.05541334421412862
single,basket_realized_vol_21d_mean,-0.5939356469040212,-0.6170557006109113,0.023120053706890076,False,0.010245064952100116
single,basket_realized_vol_21d_max,-0.5939356469040212,-0.6170557006109113,0.023120053706890076,False,0.010245064952100116
single,underlying_CORL,0.01969637364280644,0.04027655942844173,0.02058018578563529,False,0.0191408349773406
single,structural_base_vol_mean,-0.5727806123412744,-0.5542536397700022,0.018526972571272227,False,0.062442161472972886
single,structural_base_vol_min,-0.5727806123412744,-0.5542536397700022,0.018526972571272227,False,0.062442161472972886
single,structural_base_vol_max,-0.5727806123412744,-0.5542536397700022,0.018526972571272227,False,0.062442161472972886
single,observation_interval_months,0.23770508814679214,0.254891365803512,0.017186277656719873,False,0.11126170924865467
single,underlying_BSKR,-0.05204304282732699,-0.03757295177666765,0.014470091050659342,False,0.04927836456530115
single,realized_to_structural_vol_ratio,-0.3393637278568036,-0.3254132577593198,0.013950470097483791,False,0.0029031807566764914
single,underlying_CLNE,0.26229324217504973,0.27390053958234023,0.011607297407290496,False,0.018165526365421056
single,is_daily_observation,-0.07527514533413282,-0.08658540334935269,0.01131025801521987,False,0.0108041332175879
single,quoted_implied_vol,-0.5525581565610365,-0.544771995598632,0.007786160962404476,False,0.07158105245077773
single,underlying_MNDO,-0.10195793313564834,-0.09543814536353029,0.006519787772118049,False,0.06893798772521727
single,underlying_POBK,-0.1823055191740847,-0.18753142960876984,0.005225910434685149,False,0.04533833804393747
single,estimated_observation_count,-0.06938087422160213,-0.07179742619008035,0.002416551968478217,False,0.003123231236688267
single,post_no_call_observation_count,-0.06938087422160213,-0.07179742619008035,0.002416551968478217,False,0.003123231236688267
single,requested_year,0.0032266450906261956,,0.0,False,2.053203020089488
single,no_call_period_months,,,,False,
single,no_call_fraction_of_maturity,,,,False,
single,no_call_observation_count,,,,False,
single,basket_size,,,,False,
single,is_worst_of,,,,False,
single,is_single_underlying,,,,False,
single,pair_BSKR_CLNE,,,,False,
single,pair_BSKR_CORL,,,,False,
single,pair_BSKR_DRC,,,,False,
single,pair_BSKR_HTTX,,,,False,
single,pair_BSKR_JEDI,,,,False,
single,pair_BSKR_KYBR,,,,False,
single,pair_BSKR_MNDO,,,,False,
single,pair_BSKR_NABO,,,,False,
single,pair_BSKR_POBK,,,,False,
single,pair_BSKR_REBL,,,,False,
single,pair_BSKR_SITH,,,,False,
single,pair_BSKR_TECH,,,,False,
single,pair_BSKR_WOOK,,,,False,
single,pair_CLNE_CORL,,,,False,
single,pair_CLNE_DRC,,,,False,
single,pair_CLNE_HTTX,,,,False,
single,pair_CLNE_JEDI,,,,False,
single,pair_CLNE_KYBR,,,,False,
single,pair_CLNE_MNDO,,,,False,
single,pair_CLNE_NABO,,,,False,
single,pair_CLNE_POBK,,,,False,
single,pair_CLNE_REBL,,,,False,
single,pair_CLNE_SITH,,,,False,
single,pair_CLNE_TECH,,,,False,
single,pair_CLNE_WOOK,,,,False,
single,pair_CORL_DRC,,,,False,
single,pair_CORL_HTTX,,,,False,
single,pair_CORL_JEDI,,,,False,
single,pair_CORL_KYBR,,,,False,
single,pair_CORL_MNDO,,,,False,
single,pair_CORL_NABO,,,,False,
single,pair_CORL_POBK,,,,False,
single,pair_CORL_REBL,,,,False,
single,pair_CORL_SITH,,,,False,
single,pair_CORL_TECH,,,,False,
single,pair_CORL_WOOK,,,,False,
single,pair_DRC_HTTX,,,,False,
single,pair_DRC_JEDI,,,,False,
single,pair_DRC_KYBR,,,,False,
single,pair_DRC_MNDO,,,,False,
single,pair_DRC_NABO,,,,False,
single,pair_DRC_POBK,,,,False,
single,pair_DRC_REBL,,,,False,
single,pair_DRC_SITH,,,,False,
single,pair_DRC_TECH,,,,False,
single,pair_DRC_WOOK,,,,False,
single,pair_HTTX_JEDI,,,,False,
single,pair_HTTX_KYBR,,,,False,
single,pair_HTTX_MNDO,,,,False,
single,pair_HTTX_NABO,,,,False,
single,pair_HTTX_POBK,,,,False,
single,pair_HTTX_REBL,,,,False,
single,pair_HTTX_SITH,,,,False,
single,pair_HTTX_TECH,,,,False,
single,pair_HTTX_WOOK,,,,False,
single,pair_JEDI_KYBR,,,,False,
single,pair_JEDI_MNDO,,,,False,
single,pair_JEDI_NABO,,,,False,
single,pair_JEDI_POBK,,,,False,
single,pair_JEDI_REBL,,,,False,
single,pair_JEDI_SITH,,,,False,
single,pair_JEDI_TECH,,,,False,
single,pair_JEDI_WOOK,,,,False,
single,pair_KYBR_MNDO,,,,False,
single,pair_KYBR_NABO,,,,False,
single,pair_KYBR_POBK,,,,False,
single,pair_KYBR_REBL,,,,False,
single,pair_KYBR_SITH,,,,False,
single,pair_KYBR_TECH,,,,False,
single,pair_KYBR_WOOK,,,,False,
single,pair_MNDO_NABO,,,,False,
single,pair_MNDO_POBK,,,,False,
single,pair_MNDO_REBL,,,,False,
single,pair_MNDO_SITH,,,,False,
single,pair_MNDO_TECH,,,,False,
single,pair_MNDO_WOOK,,,,False,
single,pair_NABO_POBK,,,,False,
single,pair_NABO_REBL,,,,False,
single,pair_NABO_SITH,,,,False,
single,pair_NABO_TECH,,,,False,
single,pair_NABO_WOOK,,,,False,
single,pair_POBK_REBL,,,,False,
single,pair_POBK_SITH,,,,False,
single,pair_POBK_TECH,,,,False,
single,pair_POBK_WOOK,,,,False,
single,pair_REBL_SITH,,,,False,
single,pair_REBL_TECH,,,,False,
single,pair_REBL_WOOK,,,,False,
single,pair_SITH_TECH,,,,False,
single,pair_SITH_WOOK,,,,False,
single,pair_TECH_WOOK,,,,False,
single,basket_complexity_score,,,,False,
single,worst_of_pressure,,,,False,
single,worst_of_vol_pressure,,,,False,
single,structural_base_vol_second_highest,,,,False,
single,structural_base_vol_range,,,,False,
single,structural_base_vol_top2_spread,,,,False,
single,structural_vol_dispersion_ratio,,,,False,
single,sector_count,,,,False,
single,sector_concentration,,,,False,
single,has_multiple_sectors,,,,False,
single,realized_vol_63d_second_highest,,,,False,
single,realized_vol_63d_top2_spread,,,,False,
single,worst_of_structural_base_vol_range,,,,False,
single,worst_of_structural_vol_top2_spread,,,,False,
single,worst_of_realized_vol_63d_range,,,,False,
single,worst_of_realized_vol_top2_spread,,,,False,
single,realized_vol_63d_range,,,,False,
single,realized_vol_dispersion_ratio,,,,False,
worst_of,basket_realized_vol_trend_mean,0.026081037029872484,-0.05438819744864412,0.0804692344785166,True,0.051949158264630695
worst_of,realized_to_structural_vol_ratio,0.02747343018446265,-0.051393361886918426,0.07886679207138107,True,0.12951980567472476
worst_of,basket_realized_vol_change_21d_mean,0.03348596572579687,-0.033958712787810465,0.06744467851360733,True,0.16219280285651155
worst_of,pair_JEDI_KYBR,-0.0011887398710706666,0.06623638219303009,0.06742512206410076,True,0.014018267625707277
worst_of,underlying_KYBR,-0.032324705359090565,0.03011266983288612,0.06243737519197669,True,0.026324969446394373
worst_of,quoted_to_realized_vol_ratio,-0.03240003224261847,0.027793244862919855,0.060193277105538325,True,0.10041600341648832
worst_of,underlying_WOOK,0.002294022940520147,-0.05545152477343694,0.05774554771395709,True,0.03531281394985852
worst_of,pair_BSKR_MNDO,-0.038869438778213965,0.014687404803587533,0.053556843581801496,True,0.01472346706369701
worst_of,quoted_minus_structural_vol_mean,0.04395485766450278,-0.006038059149162678,0.04999291681366546,True,0.003558973330876628
worst_of,notional_credits,-0.004747746287629732,0.0427127075460373,0.04746045383366703,True,0.007560385774255796
worst_of,quoted_to_structural_vol_ratio,0.026827381466963045,-0.01978120311314576,0.0466085845801088,True,0.006609887073688834
worst_of,pair_JEDI_TECH,0.012715940723429775,-0.033497767983442825,0.0462137087068726,True,0.03538689261994352
worst_of,pair_MNDO_NABO,-0.006250140437552006,0.03602455617192067,0.04227469660947268,True,0.04788373558284996
worst_of,pair_JEDI_MNDO,0.0028912691131470847,-0.03857418412233932,0.0414654532354864,True,0.04203468109867492
worst_of,requested_month,-0.0011061907927379252,0.038318087708990214,0.03942427850172814,True,0.022373899144700178
worst_of,pair_CLNE_WOOK,0.000977556218163938,-0.03497642982619969,0.035953986044363624,True,0.02065701128048117
worst_of,log_notional_credits,-0.009949999896720456,0.02453188581166101,0.03448188570838147,True,0.050050508464799665
worst_of,pair_CLNE_JEDI,-0.015886516653741328,0.01696119180651552,0.03284770846025685,True,0.03137018555368444
worst_of,pair_KYBR_MNDO,0.007116587775228517,-0.0253417258532634,0.032458313628491914,True,0.019283765250620973
worst_of,pair_BSKR_POBK,0.02861786013113213,-0.0026825800629799905,0.03130044019411212,True,0.016580134259576468
worst_of,pair_CORL_JEDI,-0.010824931951451669,0.02032380642743032,0.03114873837888199,True,0.038610933174518615
worst_of,pair_NABO_WOOK,0.0045593436306829264,-0.02627687303449647,0.030836216665179397,True,0.026247425941822302
worst_of,pair_CLNE_NABO,-0.016756921138102315,0.014025571649161525,0.03078249278726384,True,0.030375267725333756
worst_of,pair_BSKR_NABO,-0.006560156004569472,0.023588650174530636,0.030148806179100106,True,0.041959931943681486
worst_of,pair_DRC_MNDO,-0.005120475774987342,0.024209017897459183,0.029329493672446524,True,0.02472115820578621
worst_of,underlying_BSKR,-0.007247696804051108,0.021753523265119333,0.02900122006917044,True,0.023818911186700497
worst_of,pair_BSKR_SITH,-0.009234352786137935,0.019478848864710237,0.028713201650848175,True,0.03960846096147349
worst_of,pair_BSKR_KYBR,-0.004492375898176948,0.023538836512121946,0.028031212410298892,True,0.02162084143471585
worst_of,pair_CLNE_MNDO,-0.0036292747383423426,0.01996923080659363,0.023598505544935974,True,0.014485924992405554
worst_of,pair_KYBR_SITH,-0.014416214445105616,0.007422072522691985,0.0218382869677976,True,0.02942995777489342
worst_of,pair_NABO_SITH,-0.005974333038274525,0.014849983675975524,0.02082431671425005,True,0.061977328896369865
worst_of,pair_DRC_WOOK,0.0030594118230665036,-0.016474956501765517,0.01953436832483202,True,0.008789453801318452
worst_of,pair_CORL_KYBR,-0.00044253180585198906,0.016616929023894354,0.017059460829746343,True,0.008266074741705591
worst_of,pair_CORL_NABO,0.00646007234741416,-0.010125514260594298,0.01658558660800846,True,0.06405153582074564
worst_of,pair_BSKR_CORL,-0.0025645449732936403,0.012970565834416138,0.015535110807709779,True,0.004915239634519484
worst_of,pair_MNDO_POBK,0.007606136739503159,-0.0072424671362237856,0.014848603875726944,True,0.015486475391395601
worst_of,pair_KYBR_POBK,-0.009219834050210386,0.00527075501541302,0.014490589065623406,True,0.001186879992309866
worst_of,pair_NABO_POBK,0.004296794200197868,-0.009716523924455775,0.014013318124653644,True,0.04879640107128824
worst_of,pair_BSKR_TECH,-0.002944287037509968,0.010710730908095233,0.0136550179456052,True,0.040601771994252564
worst_of,pair_CLNE_TECH,0.00012431833392463097,-0.00844824076087469,0.008572559094799322,True,0.04394667494571031
worst_of,pair_CORL_DRC,-0.007366387398184982,0.00016022609177587915,0.007526613489960861,True,0.006072070001964946
worst_of,realized_minus_structural_vol_mean,0.11533321658695196,0.026645440178439665,0.0886877764085123,False,0.14554424303978894
worst_of,implied_minus_realized_vol_mean,-0.10207148716759733,-0.02735342961582138,0.07471805755177595,False,0.1429076509102197
worst_of,underlying_SITH,-0.01697962279938971,-0.08235417622377364,0.06537455342438393,False,0.017708993517014323
worst_of,realized_vol_63d_top2_spread,0.21515849367716267,0.15494678472195383,0.06021170895520883,False,0.09706484151349615
worst_of,worst_of_realized_vol_top2_spread,0.21515849367716267,0.15494678472195383,0.06021170895520883,False,0.09706484151349615
worst_of,worst_of_realized_vol_63d_range,0.22584785874363492,0.1656871683933577,0.06016069035027721,False,0.0967858021657605
worst_of,realized_vol_63d_range,0.22584785874363492,0.1656871683933577,0.06016069035027721,False,0.0967858021657605
worst_of,realized_vol_63d_max,0.23627225859661763,0.17830703699136807,0.057965221605249556,False,0.11058661750846632
worst_of,realized_vol_dispersion_ratio,0.1548222130426596,0.097660231259301,0.057161981783358615,False,0.0604766391715301
worst_of,pair_CLNE_HTTX,0.12185480915953344,0.06543302643645495,0.05642178272307849,False,0.02860239126945112
worst_of,pair_HTTX_JEDI,0.10374738449756045,0.1585024406939752,0.054755056196414756,False,0.03682598905273301
worst_of,realized_vol_63d_mean,0.2031950738133781,0.15238701357291887,0.050808060240459224,False,0.09967721143092824
worst_of,pair_CLNE_KYBR,0.008562180649190296,0.05761212812158578,0.04904994747239549,False,0.029219094859575936
worst_of,pair_MNDO_TECH,0.0002578957374671724,0.04814116227368413,0.04788326653621696,False,0.012859059138744267
worst_of,pair_KYBR_WOOK,-0.0043279785875058405,-0.052046748999254794,0.047718770411748955,False,0.004032559965543795
worst_of,autocall_to_protection_ratio,0.3735071347486114,0.32634750609074903,0.047159628657862385,False,0.018233738671695327
worst_of,basket_realized_vol_126d_max,0.26349953557852474,0.21673761995867288,0.04676191561985185,False,0.026789113291013453
worst_of,basket_realized_vol_21d_max,0.2350481113806422,0.18865716571298383,0.04639094566765836,False,0.07641951767467536
worst_of,pair_KYBR_REBL,-0.07943258707874525,-0.033686976392266296,0.04574561068647895,False,0.008704347428772213
worst_of,requested_quarter,0.0019243749729828767,0.04685878688152778,0.044934411908544906,False,0.003152639398203289
worst_of,pair_BSKR_HTTX,0.11729545020467468,0.16132873261703645,0.04403328241236178,False,0.027105516649774383
worst_of,pair_HTTX_SITH,0.0956678322500487,0.052045576836720925,0.04362225541332777,False,0.020240908549782572
worst_of,barrier_gap_pct,0.3969533092472666,0.3546503813578669,0.042302927889399655,False,0.01476278685363014
worst_of,basket_realized_vol_change_21d_max,0.07493329067537967,0.0337262713020162,0.04120701937336347,False,0.09440960350592519
worst_of,no_call_observation_count,-0.08454275909798879,-0.12490891393921373,0.04036615484122494,False,0.005350729887805379
worst_of,protection_barrier_pct,-0.04753641759934039,-0.007349902254894011,0.04018651534444638,False,0.012710331960713311
worst_of,protection_buffer_pct,0.04753641759934039,0.007349902254894014,0.04018651534444637,False,0.012710331960714779
worst_of,pair_CORL_SITH,-0.004539019699441391,-0.04471632385709017,0.04017730415764878,False,0.059529092968210656
worst_of,basket_realized_vol_21d_mean,0.19841945207408826,0.15875926499433843,0.03966018707974983,False,0.07126292943641363
worst_of,pair_HTTX_KYBR,0.08054975683891119,0.11987076205213042,0.039321005213219226,False,0.005670422931323748
worst_of,pair_JEDI_NABO,-0.017045921174696804,-0.05538372347138845,0.03833780229669165,False,0.040601771994252564
worst_of,pair_BSKR_DRC,-0.005318678821175915,-0.04234768640748654,0.03702900758631063,False,0.013850306226184888
worst_of,pair_KYBR_NABO,0.0029389735324400084,0.039932716968999755,0.03699374343655975,False,0.005060110117897569
worst_of,pair_REBL_SITH,-0.04010164765449804,-0.07628385642459241,0.03618220877009437,False,0.02623217733718385
worst_of,basket_realized_vol_trend_max,0.06040658589784617,0.09537894793720074,0.03497236203935457,False,0.009108316207593035
worst_of,pair_DRC_SITH,-0.0007916376353537655,-0.03575716095043234,0.03496552331507857,False,0.0322319349212132
worst_of,pair_CLNE_POBK,0.02029485383085137,0.05412436717520645,0.033829513344355085,False,0.016796030004889627
worst_of,pair_POBK_SITH,-0.0008217972446029207,-0.03423115679966807,0.033409359555065146,False,0.028145843309863274
worst_of,pair_SITH_WOOK,-0.013634478634953293,-0.04676920209232546,0.03313472345737217,False,0.019010185706167658
worst_of,observation_interval_months,0.20672673684739318,0.23967907265989086,0.03295233581249768,False,0.07999769279796401
worst_of,autocall_barrier_above_par_pct,0.39976130009798816,0.3676882108840013,0.03207308921398688,False,0.011577548520647258
worst_of,autocall_barrier_pct,0.39976130009798816,0.3676882108840013,0.03207308921398688,False,0.011577548520647149
worst_of,pair_DRC_JEDI,-0.009769149590317725,-0.041759675549641294,0.03199052595932357,False,0.0036242427590722874
worst_of,pair_CORL_MNDO,-0.007025469557899491,-0.038212825806350756,0.031187356248451266,False,0.024814707882698635
worst_of,pair_CORL_WOOK,3.0129944937035112e-05,0.030460393199116618,0.030430263254179583,False,0.014018267625707277
worst_of,pair_CLNE_SITH,-0.01806646606013917,-0.04725284065081894,0.029186374590679767,False,0.0032790687715831194
worst_of,pair_JEDI_REBL,-0.06159629746971121,-0.03313606116073224,0.028460236308978967,False,0.0716175809780488
worst_of,pair_CORL_POBK,0.032228163756600224,0.058243952618464725,0.0260157888618645,False,0.037380575468593816
worst_of,basket_realized_vol_zscore_max,0.031133823818370383,0.005972279125787329,0.025161544692583054,False,0.2528593783124933
worst_of,basket_realized_vol_126d_mean,0.2075616301279319,0.18356391041847175,0.023997719709460158,False,0.11127005807960791
worst_of,pair_CLNE_CORL,0.02367628235756563,0.0002570127597635958,0.023419269597802033,False,0.019960754274598532
worst_of,pair_DRC_HTTX,0.09991954295824268,0.12306415543097031,0.02314461247272763,False,0.024814707882698635
worst_of,quoted_implied_vol,0.24302555995507907,0.2207332512097736,0.022292308745305467,False,0.026770382662533673
worst_of,pair_HTTX_WOOK,0.10993361220419662,0.08806228669145673,0.02187132551273989,False,0.007985208507645966
worst_of,pair_HTTX_MNDO,0.08759542198058388,0.109140124002686,0.02154470202210211,False,0.02888871869170469
worst_of,pair_DRC_KYBR,-0.026873513868485067,-0.005721638519951172,0.021151875348533897,False,0.0399278634439569
worst_of,pair_BSKR_JEDI,-0.010779786612392638,-0.03119088426941749,0.020411097657024854,False,0.017476407228599236
worst_of,pair_NABO_TECH,-0.006420569670615882,-0.026424843917516174,0.02000427424690029,False,0.0149748249608992
worst_of,underlying_CORL,0.011456303489662522,0.030955711617207084,0.01949940812754456,False,0.0045717781053086805
worst_of,pair_DRC_TECH,-0.020825872536049842,-0.040171138094400274,0.019345265558350432,False,0.01622767778691426
worst_of,pair_CORL_REBL,-0.051710092316500804,-0.032735275860416,0.018974816456084807,False,0.011303967289055795
worst_of,sector_concentration,-0.06933317983406205,-0.08702868357281274,0.017695503738750687,False,0.029565304277293238
worst_of,basket_size,0.06933317983406212,0.08702868357281274,0.017695503738750618,False,0.02956530427729248
worst_of,basket_complexity_score,0.06933317983406212,0.08702868357281274,0.017695503738750618,False,0.02956530427729248
worst_of,sector_count,0.06933317983406212,0.08702868357281274,0.017695503738750618,False,0.02956530427729248
worst_of,pair_POBK_TECH,0.012982975126956639,0.030666561236788435,0.017683586109831798,False,0.011644365732488672
worst_of,estimated_observation_count,-0.012516925928771128,-0.029389882547200315,0.016872956618429188,False,5.1579477674823424e-05
worst_of,pair_MNDO_REBL,-0.04914884143518647,-0.06576679494592905,0.016617953510742578,False,0.03023631709001268
worst_of,underlying_NABO,-0.017484582692032284,-0.0009152642017640185,0.016569318490268267,False,0.0248787074801764
worst_of,nominal_maturity_months,0.6624567961321869,0.6461577855587228,0.016299010573464057,False,0.09143159563229286
worst_of,post_no_call_observation_count,-0.009253067922866452,-0.025309244962498582,0.01605617703963213,False,0.0001754788260465704
worst_of,pair_HTTX_POBK,0.11534434946425873,0.13133385177967125,0.015989502315412518,False,0.0026306526971064826
worst_of,callable_maturity_months,0.6711103964296594,0.6558183984722192,0.015291997957440184,False,0.09453340622267153
worst_of,pair_MNDO_WOOK,0.00548576521569749,0.02072179312214705,0.01523602790644956,False,0.029223415243724436
worst_of,pair_POBK_WOOK,0.01558123698965839,0.0011198803533052615,0.014461356636353128,False,0.03220551616789035
worst_of,pair_TECH_WOOK,-0.01660489805203408,-0.030879616801023052,0.014274718748988974,False,0.02314077301310281
worst_of,underlying_MNDO,-0.01785894785566113,-0.003636247183443146,0.014222700672217982,False,0.0010254533429331133
worst_of,pair_CLNE_DRC,-0.01078875951966808,-0.023977479887589047,0.013188720367920967,False,0.061483265872222324
worst_of,pair_REBL_WOOK,-0.04822989966279227,-0.05951277645527257,0.0112828767924803,False,0.03978405493835863
worst_of,pair_CLNE_REBL,-0.05413768500259262,-0.06539611315648164,0.01125842815388902,False,0.02344809257363195
worst_of,pair_NABO_REBL,-0.08254958874586296,-0.07132821571017292,0.011221373035690041,False,0.019578634353370247
worst_of,pair_REBL_TECH,-0.07283180469866113,-0.06170098935186556,0.011130815346795567,False,0.02839942036395138
worst_of,worst_of_vol_pressure,0.27047329514406737,0.28139721710984356,0.010923921965776184,False,0.0006127640490407371
worst_of,underlying_TECH,-0.01382322365554532,-0.023902866158406196,0.010079642502860876,False,0.00848657563052922
worst_of,underlying_CLNE,0.008177082829197251,0.017472914549424592,0.00929583172022734,False,0.02898815201950721
worst_of,pair_HTTX_REBL,0.08514684257677411,0.09416659067866487,0.009019748101890754,False,0.05773181644847694
worst_of,realized_vol_63d_second_highest,0.09744393490263344,0.0889575137583379,0.008486421144295542,False,0.0520127122618322
worst_of,pair_JEDI_POBK,0.010129143147596727,0.0018668252345327265,0.008262317913064001,False,0.05321028326430046
worst_of,underlying_JEDI,-0.0056189462730558415,-0.013859995367829721,0.00824104909477388,False,0.060024885789560216
worst_of,pair_JEDI_SITH,0.0172911621182069,0.025276608020805304,0.007985445902598403,False,0.03452274954414568
worst_of,underlying_DRC,-0.02324236226796562,-0.031042702319894436,0.007800340051928815,False,0.012606806424664456
worst_of,pair_CORL_TECH,0.004689123512340091,0.012241009967188956,0.007551886454848865,False,0.027092069095895243
worst_of,pair_HTTX_NABO,0.10948048108076518,0.10193836210751887,0.007542118973246303,False,0.011689141483842033
worst_of,underlying_REBL,-0.19001170196554482,-0.18253167507323906,0.007480026892305758,False,0.03968330188940681
worst_of,realized_vol_63d_min,0.06565712169597827,0.0583667200968328,0.007290401599145471,False,0.04808628763378736
worst_of,no_call_fraction_of_maturity,-0.3511711853345878,-0.35827694133128035,0.007105755996692553,False,0.06763186194704976
worst_of,pair_DRC_REBL,-0.05074445198922641,-0.057446129190048975,0.006701677200822563,False,0.0038398622649917532
worst_of,underlying_HTTX,0.3499158745511512,0.3557623907546372,0.00584651620348603,False,0.02961777250963584
worst_of,pair_MNDO_SITH,-0.03385394573908599,-0.0392498712362564,0.005395925497170412,False,0.014485924992405554
worst_of,structural_base_vol_min,0.09289762369455373,0.0981394188973015,0.0052417952027477704,False,0.024349570086824257
worst_of,pair_HTTX_TECH,0.1256723166621159,0.1308507293585849,0.005178412696469015,False,0.030501627619608465
worst_of,pair_BSKR_REBL,-0.06920110659108104,-0.07356214153930192,0.0043610349482208766,False,0.0017810693298662764
worst_of,underlying_POBK,0.037858817211903595,0.041971459898467914,0.004112642686564319,False,0.02717407663046462
worst_of,pair_SITH_TECH,0.003619900068763516,0.007469411870551375,0.0038495118017878595,False,0.0015669940294448955
worst_of,no_call_period_months,-0.15421171599112377,-0.15045771733061925,0.0037539986605045206,False,0.04662811345269633
worst_of,pair_DRC_POBK,0.017492946700952396,0.02092519819913056,0.0034322514981781627,False,0.03386025777975285
worst_of,is_daily_observation,-0.06335664059850774,-0.05994154106435409,0.0034150995341536428,False,0.006110921609668833
worst_of,pair_JEDI_WOOK,-0.021769733645029283,-0.024909957422964684,0.003140223777935401,False,0.03842081179586032
worst_of,pair_KYBR_TECH,-0.03610303900308736,-0.03308420201629866,0.0030188369867887033,False,0.012814861824196343
worst_of,structural_base_vol_top2_spread,0.20951341290600026,0.211901846090475,0.0023884331844747364,False,0.010968193530574172
worst_of,worst_of_structural_vol_top2_spread,0.20951341290600026,0.211901846090475,0.0023884331844747364,False,0.010968193530574172
worst_of,basket_realized_vol_zscore_mean,0.02817289701824546,0.025791300397285916,0.002381596620959544,False,0.244602349185714
worst_of,pair_CORL_HTTX,0.10636870165101671,0.10399362098304714,0.00237508066796957,False,0.07563962849328969
worst_of,structural_base_vol_range,0.2343863353653257,0.23204283330232942,0.002343502062996272,False,0.002361180182517701
worst_of,worst_of_structural_base_vol_range,0.2343863353653257,0.23204283330232942,0.002343502062996272,False,0.002361180182517701
worst_of,pair_BSKR_WOOK,0.015372171121054025,0.017585903292733553,0.0022137321716795277,False,0.028602391269451122
worst_of,worst_of_pressure,0.3070631499992092,0.30922834608392097,0.0021651960847117735,False,0.023308670252654838
worst_of,structural_base_vol_second_highest,0.138102728116608,0.1398095836304714,0.0017068555138634034,False,0.014068507738204733
worst_of,pair_BSKR_CLNE,0.010989634541792264,0.009480423749851538,0.0015092107919407252,False,0.00032546714464699373
worst_of,structural_base_vol_mean,0.2503498351968648,0.24956294207439886,0.0007868931224659648,False,0.028109725533792335
worst_of,structural_vol_dispersion_ratio,0.1360360825501512,0.136640930620425,0.0006048480702738057,False,0.008190941962506094
worst_of,pair_DRC_NABO,-0.022688778861768028,-0.023187281205143045,0.0004985023433750173,False,0.024922694041857776
worst_of,pair_POBK_REBL,-0.05052321088905488,-0.05043508057982787,8.813030922700388e-05,False,0.02135635566103104
worst_of,structural_base_vol_max,0.31187901495324155,0.31183001486639267,4.9000086848882685e-05,False,0.0220831473999546
worst_of,requested_year,0.004508589484036336,,0.0,False,2.0353881216703047
worst_of,is_worst_of,,,,False,
worst_of,is_single_underlying,,,,False,
worst_of,has_multiple_sectors,,,,False,
