split,category,count,feature,observation_level
train,Death Star Phoenix Note,1645,product_type,rfq
train,Holocron Reverse Convertible,1651,product_type,rfq
train,Kessel Run Snowball,1557,product_type,rfq
train,Mandalorian Twin-Win,1648,product_type,rfq
train,Sith Eternal Snowball,1642,product_type,rfq
train,Wretched Hive Digital,1664,product_type,rfq
validation,Death Star Phoenix Note,245,product_type,rfq
validation,Holocron Reverse Convertible,285,product_type,rfq
validation,Kessel Run Snowball,275,product_type,rfq
validation,Mandalorian Twin-Win,249,product_type,rfq
validation,Sith Eternal Snowball,250,product_type,rfq
validation,Wretched Hive Digital,274,product_type,rfq
train,single,3299,basket_type,rfq
train,worst_of,6508,basket_type,rfq
validation,single,534,basket_type,rfq
validation,worst_of,1044,basket_type,rfq
train,12m,861,observation_frequency_clean,rfq
train,1m,3522,observation_frequency_clean,rfq
train,2m,772,observation_frequency_clean,rfq
train,3m,2936,observation_frequency_clean,rfq
train,6m,1436,observation_frequency_clean,rfq
train,daily,280,observation_frequency_clean,rfq
validation,12m,172,observation_frequency_clean,rfq
validation,1m,512,observation_frequency_clean,rfq
validation,2m,127,observation_frequency_clean,rfq
validation,3m,472,observation_frequency_clean,rfq
validation,6m,248,observation_frequency_clean,rfq
validation,daily,47,observation_frequency_clean,rfq
train,Alderaan Wealth Partners,1253,counterparty,rfq
train,Banco de Coruscant,1255,counterparty,rfq
train,Chandrila Sovereign Fund,1256,counterparty,rfq
train,Corellian Capital,1226,counterparty,rfq
train,First Order Financial,1229,counterparty,rfq
train,Jabba Asset Management,1189,counterparty,rfq
train,Kamino Cloning Trust,1236,counterparty,rfq
train,Nal Hutta Traders,1163,counterparty,rfq
validation,Alderaan Wealth Partners,197,counterparty,rfq
validation,Banco de Coruscant,200,counterparty,rfq
validation,Chandrila Sovereign Fund,175,counterparty,rfq
validation,Corellian Capital,204,counterparty,rfq
validation,First Order Financial,206,counterparty,rfq
validation,Jabba Asset Management,192,counterparty,rfq
validation,Kamino Cloning Trust,213,counterparty,rfq
validation,Nal Hutta Traders,191,counterparty,rfq
train,TRD-001,252,trader_id,rfq
train,TRD-002,266,trader_id,rfq
train,TRD-003,232,trader_id,rfq
train,TRD-004,229,trader_id,rfq
train,TRD-005,273,trader_id,rfq
train,TRD-006,269,trader_id,rfq
train,TRD-007,232,trader_id,rfq
train,TRD-008,245,trader_id,rfq
train,TRD-009,271,trader_id,rfq
train,TRD-010,265,trader_id,rfq
train,TRD-011,273,trader_id,rfq
train,TRD-012,244,trader_id,rfq
train,TRD-013,230,trader_id,rfq
train,TRD-014,246,trader_id,rfq
train,TRD-015,239,trader_id,rfq
train,TRD-016,272,trader_id,rfq
train,TRD-017,233,trader_id,rfq
train,TRD-018,255,trader_id,rfq
train,TRD-019,229,trader_id,rfq
train,TRD-020,276,trader_id,rfq
train,TRD-021,261,trader_id,rfq
train,TRD-022,271,trader_id,rfq
train,TRD-023,274,trader_id,rfq
train,TRD-024,251,trader_id,rfq
train,TRD-025,226,trader_id,rfq
train,TRD-026,236,trader_id,rfq
train,TRD-027,242,trader_id,rfq
train,TRD-028,281,trader_id,rfq
train,TRD-029,246,trader_id,rfq
train,TRD-030,232,trader_id,rfq
train,TRD-031,278,trader_id,rfq
train,TRD-032,285,trader_id,rfq
train,TRD-033,217,trader_id,rfq
train,TRD-034,222,trader_id,rfq
train,TRD-035,256,trader_id,rfq
train,TRD-036,235,trader_id,rfq
train,TRD-037,257,trader_id,rfq
train,TRD-038,257,trader_id,rfq
train,TRD-039,249,trader_id,rfq
validation,TRD-001,46,trader_id,rfq
validation,TRD-002,31,trader_id,rfq
validation,TRD-003,28,trader_id,rfq
validation,TRD-004,35,trader_id,rfq
validation,TRD-005,45,trader_id,rfq
validation,TRD-006,44,trader_id,rfq
validation,TRD-007,35,trader_id,rfq
validation,TRD-008,38,trader_id,rfq
validation,TRD-009,37,trader_id,rfq
validation,TRD-010,36,trader_id,rfq
validation,TRD-011,40,trader_id,rfq
validation,TRD-012,36,trader_id,rfq
validation,TRD-013,42,trader_id,rfq
validation,TRD-014,41,trader_id,rfq
validation,TRD-015,35,trader_id,rfq
validation,TRD-016,25,trader_id,rfq
validation,TRD-017,41,trader_id,rfq
validation,TRD-018,50,trader_id,rfq
validation,TRD-019,45,trader_id,rfq
validation,TRD-020,51,trader_id,rfq
validation,TRD-021,36,trader_id,rfq
validation,TRD-022,46,trader_id,rfq
validation,TRD-023,44,trader_id,rfq
validation,TRD-024,46,trader_id,rfq
validation,TRD-025,40,trader_id,rfq
validation,TRD-026,42,trader_id,rfq
validation,TRD-027,27,trader_id,rfq
validation,TRD-028,35,trader_id,rfq
validation,TRD-029,47,trader_id,rfq
validation,TRD-030,50,trader_id,rfq
validation,TRD-031,41,trader_id,rfq
validation,TRD-032,42,trader_id,rfq
validation,TRD-033,36,trader_id,rfq
validation,TRD-034,42,trader_id,rfq
validation,TRD-035,41,trader_id,rfq
validation,TRD-036,46,trader_id,rfq
validation,TRD-037,43,trader_id,rfq
validation,TRD-038,47,trader_id,rfq
validation,TRD-039,46,trader_id,rfq
train,BSKR,219,underlyings,rfq
train,BSKR|CLNE,29,underlyings,rfq
train,BSKR|CLNE|CORL,1,underlyings,rfq
train,BSKR|CLNE|DRC,1,underlyings,rfq
train,BSKR|CLNE|WOOK,1,underlyings,rfq
train,BSKR|CORL,26,underlyings,rfq
train,BSKR|CORL|CLNE,1,underlyings,rfq
train,BSKR|CORL|KYBR,3,underlyings,rfq
train,BSKR|CORL|MNDO,1,underlyings,rfq
train,BSKR|CORL|POBK,1,underlyings,rfq
train,BSKR|CORL|REBL,2,underlyings,rfq
train,BSKR|CORL|TECH,1,underlyings,rfq
train,BSKR|CORL|WOOK,2,underlyings,rfq
train,BSKR|DRC,28,underlyings,rfq
train,BSKR|DRC|KYBR,2,underlyings,rfq
train,BSKR|DRC|NABO,1,underlyings,rfq
train,BSKR|DRC|REBL,3,underlyings,rfq
train,BSKR|DRC|TECH,1,underlyings,rfq
train,BSKR|HTTX,26,underlyings,rfq
train,BSKR|HTTX|CORL,2,underlyings,rfq
train,BSKR|HTTX|DRC,2,underlyings,rfq
train,BSKR|HTTX|JEDI,2,underlyings,rfq
train,BSKR|HTTX|KYBR,1,underlyings,rfq
train,BSKR|HTTX|MNDO,2,underlyings,rfq
train,BSKR|HTTX|NABO,2,underlyings,rfq
train,BSKR|HTTX|POBK,1,underlyings,rfq
train,BSKR|HTTX|REBL,1,underlyings,rfq
train,BSKR|HTTX|TECH,2,underlyings,rfq
train,BSKR|JEDI,31,underlyings,rfq
train,BSKR|JEDI|CORL,1,underlyings,rfq
train,BSKR|JEDI|DRC,2,underlyings,rfq
train,BSKR|JEDI|MNDO,2,underlyings,rfq
train,BSKR|JEDI|REBL,2,underlyings,rfq
train,BSKR|JEDI|SITH,1,underlyings,rfq
train,BSKR|JEDI|TECH,1,underlyings,rfq
train,BSKR|KYBR,29,underlyings,rfq
train,BSKR|KYBR|CLNE,1,underlyings,rfq
train,BSKR|KYBR|CORL,3,underlyings,rfq
train,BSKR|KYBR|DRC,2,underlyings,rfq
train,BSKR|KYBR|HTTX,2,underlyings,rfq
train,BSKR|KYBR|JEDI,2,underlyings,rfq
train,BSKR|KYBR|NABO,1,underlyings,rfq
train,BSKR|KYBR|SITH,1,underlyings,rfq
train,BSKR|KYBR|WOOK,1,underlyings,rfq
train,BSKR|MNDO,31,underlyings,rfq
train,BSKR|MNDO|DRC,1,underlyings,rfq
train,BSKR|MNDO|HTTX,1,underlyings,rfq
train,BSKR|MNDO|JEDI,1,underlyings,rfq
train,BSKR|MNDO|KYBR,1,underlyings,rfq
train,BSKR|MNDO|TECH,1,underlyings,rfq
train,BSKR|NABO,34,underlyings,rfq
train,BSKR|NABO|CLNE,3,underlyings,rfq
train,BSKR|NABO|JEDI,4,underlyings,rfq
train,BSKR|NABO|POBK,2,underlyings,rfq
train,BSKR|NABO|SITH,2,underlyings,rfq
train,BSKR|POBK,21,underlyings,rfq
train,BSKR|POBK|CLNE,1,underlyings,rfq
train,BSKR|POBK|CORL,1,underlyings,rfq
train,BSKR|POBK|NABO,1,underlyings,rfq
train,BSKR|POBK|WOOK,3,underlyings,rfq
train,BSKR|REBL,27,underlyings,rfq
train,BSKR|REBL|DRC,3,underlyings,rfq
train,BSKR|REBL|JEDI,2,underlyings,rfq
train,BSKR|REBL|KYBR,2,underlyings,rfq
train,BSKR|REBL|NABO,1,underlyings,rfq
train,BSKR|REBL|WOOK,1,underlyings,rfq
train,BSKR|SITH,22,underlyings,rfq
train,BSKR|SITH|CLNE,1,underlyings,rfq
train,BSKR|SITH|DRC,3,underlyings,rfq
train,BSKR|SITH|HTTX,1,underlyings,rfq
train,BSKR|SITH|JEDI,4,underlyings,rfq
train,BSKR|SITH|NABO,1,underlyings,rfq
train,BSKR|SITH|POBK,1,underlyings,rfq
train,BSKR|SITH|REBL,1,underlyings,rfq
train,BSKR|SITH|TECH,1,underlyings,rfq
train,BSKR|SITH|WOOK,1,underlyings,rfq
train,BSKR|TECH,27,underlyings,rfq
train,BSKR|TECH|CLNE,1,underlyings,rfq
train,BSKR|TECH|DRC,1,underlyings,rfq
train,BSKR|TECH|HTTX,2,underlyings,rfq
train,BSKR|TECH|JEDI,2,underlyings,rfq
train,BSKR|TECH|NABO,1,underlyings,rfq
train,BSKR|TECH|REBL,1,underlyings,rfq
train,BSKR|TECH|SITH,2,underlyings,rfq
train,BSKR|TECH|WOOK,1,underlyings,rfq
train,BSKR|WOOK,22,underlyings,rfq
train,BSKR|WOOK|CORL,2,underlyings,rfq
train,BSKR|WOOK|SITH,2,underlyings,rfq
train,BSKR|WOOK|TECH,1,underlyings,rfq
train,CLNE,257,underlyings,rfq
train,CLNE|BSKR,25,underlyings,rfq
train,CLNE|BSKR|HTTX,2,underlyings,rfq
train,CLNE|BSKR|POBK,1,underlyings,rfq
train,CLNE|BSKR|TECH,1,underlyings,rfq
train,CLNE|BSKR|WOOK,1,underlyings,rfq
train,CLNE|CORL,31,underlyings,rfq
train,CLNE|CORL|BSKR,3,underlyings,rfq
train,CLNE|CORL|DRC,1,underlyings,rfq
train,CLNE|CORL|HTTX,3,underlyings,rfq
train,CLNE|CORL|KYBR,1,underlyings,rfq
train,CLNE|CORL|MNDO,1,underlyings,rfq
train,CLNE|CORL|POBK,1,underlyings,rfq
train,CLNE|CORL|SITH,1,underlyings,rfq
train,CLNE|CORL|TECH,1,underlyings,rfq
train,CLNE|CORL|WOOK,1,underlyings,rfq
train,CLNE|DRC,31,underlyings,rfq
train,CLNE|DRC|BSKR,1,underlyings,rfq
train,CLNE|DRC|CORL,3,underlyings,rfq
train,CLNE|DRC|HTTX,3,underlyings,rfq
train,CLNE|DRC|JEDI,1,underlyings,rfq
train,CLNE|DRC|KYBR,1,underlyings,rfq
train,CLNE|DRC|NABO,1,underlyings,rfq
train,CLNE|DRC|REBL,2,underlyings,rfq
train,CLNE|DRC|SITH,4,underlyings,rfq
train,CLNE|DRC|TECH,1,underlyings,rfq
train,CLNE|DRC|WOOK,1,underlyings,rfq
train,CLNE|HTTX,24,underlyings,rfq
train,CLNE|HTTX|BSKR,1,underlyings,rfq
train,CLNE|HTTX|CORL,1,underlyings,rfq
train,CLNE|HTTX|DRC,1,underlyings,rfq
train,CLNE|HTTX|KYBR,1,underlyings,rfq
train,CLNE|HTTX|REBL,1,underlyings,rfq
train,CLNE|HTTX|WOOK,1,underlyings,rfq
train,CLNE|JEDI,26,underlyings,rfq
train,CLNE|JEDI|BSKR,2,underlyings,rfq
train,CLNE|JEDI|DRC,1,underlyings,rfq
train,CLNE|JEDI|MNDO,2,underlyings,rfq
train,CLNE|JEDI|TECH,1,underlyings,rfq
train,CLNE|JEDI|WOOK,1,underlyings,rfq
train,CLNE|KYBR,27,underlyings,rfq
train,CLNE|KYBR|CORL,1,underlyings,rfq
train,CLNE|KYBR|HTTX,1,underlyings,rfq
train,CLNE|KYBR|MNDO,2,underlyings,rfq
train,CLNE|KYBR|NABO,1,underlyings,rfq
train,CLNE|KYBR|POBK,1,underlyings,rfq
train,CLNE|KYBR|SITH,1,underlyings,rfq
train,CLNE|KYBR|TECH,2,underlyings,rfq
train,CLNE|KYBR|WOOK,1,underlyings,rfq
train,CLNE|MNDO,32,underlyings,rfq
train,CLNE|MNDO|BSKR,1,underlyings,rfq
train,CLNE|MNDO|CORL,2,underlyings,rfq
train,CLNE|MNDO|DRC,1,underlyings,rfq
train,CLNE|MNDO|HTTX,1,underlyings,rfq
train,CLNE|MNDO|JEDI,1,underlyings,rfq
train,CLNE|MNDO|NABO,1,underlyings,rfq
train,CLNE|MNDO|TECH,1,underlyings,rfq
train,CLNE|MNDO|WOOK,2,underlyings,rfq
train,CLNE|NABO,24,underlyings,rfq
train,CLNE|NABO|CORL,2,underlyings,rfq
train,CLNE|NABO|KYBR,1,underlyings,rfq
train,CLNE|NABO|POBK,3,underlyings,rfq
train,CLNE|POBK,24,underlyings,rfq
train,CLNE|POBK|DRC,1,underlyings,rfq
train,CLNE|POBK|HTTX,1,underlyings,rfq
train,CLNE|POBK|JEDI,3,underlyings,rfq
train,CLNE|POBK|TECH,1,underlyings,rfq
train,CLNE|POBK|WOOK,1,underlyings,rfq
train,CLNE|REBL,25,underlyings,rfq
train,CLNE|REBL|DRC,1,underlyings,rfq
train,CLNE|REBL|JEDI,1,underlyings,rfq
train,CLNE|REBL|MNDO,1,underlyings,rfq
train,CLNE|REBL|POBK,3,underlyings,rfq
train,CLNE|REBL|WOOK,3,underlyings,rfq
train,CLNE|SITH,25,underlyings,rfq
train,CLNE|SITH|DRC,1,underlyings,rfq
train,CLNE|SITH|HTTX,1,underlyings,rfq
train,CLNE|SITH|JEDI,1,underlyings,rfq
train,CLNE|SITH|TECH,1,underlyings,rfq
train,CLNE|TECH,30,underlyings,rfq
train,CLNE|TECH|BSKR,1,underlyings,rfq
train,CLNE|TECH|HTTX,1,underlyings,rfq
train,CLNE|TECH|JEDI,2,underlyings,rfq
train,CLNE|TECH|MNDO,1,underlyings,rfq
train,CLNE|TECH|POBK,2,underlyings,rfq
train,CLNE|TECH|REBL,1,underlyings,rfq
train,CLNE|TECH|WOOK,1,underlyings,rfq
train,CLNE|WOOK,19,underlyings,rfq
train,CLNE|WOOK|BSKR,2,underlyings,rfq
train,CLNE|WOOK|CORL,1,underlyings,rfq
train,CLNE|WOOK|DRC,2,underlyings,rfq
train,CLNE|WOOK|JEDI,1,underlyings,rfq
train,CLNE|WOOK|MNDO,2,underlyings,rfq
train,CLNE|WOOK|NABO,1,underlyings,rfq
train,CLNE|WOOK|REBL,1,underlyings,rfq
train,CORL,226,underlyings,rfq
train,CORL|BSKR,22,underlyings,rfq
train,CORL|BSKR|CLNE,1,underlyings,rfq
train,CORL|BSKR|KYBR,1,underlyings,rfq
train,CORL|BSKR|POBK,1,underlyings,rfq
train,CORL|BSKR|SITH,1,underlyings,rfq
train,CORL|CLNE,23,underlyings,rfq
train,CORL|CLNE|HTTX,2,underlyings,rfq
train,CORL|CLNE|JEDI,1,underlyings,rfq
train,CORL|CLNE|KYBR,1,underlyings,rfq
train,CORL|CLNE|MNDO,3,underlyings,rfq
train,CORL|CLNE|NABO,1,underlyings,rfq
train,CORL|CLNE|POBK,1,underlyings,rfq
train,CORL|CLNE|REBL,1,underlyings,rfq
train,CORL|DRC,23,underlyings,rfq
train,CORL|DRC|BSKR,1,underlyings,rfq
train,CORL|DRC|CLNE,2,underlyings,rfq
train,CORL|DRC|KYBR,4,underlyings,rfq
train,CORL|DRC|MNDO,1,underlyings,rfq
train,CORL|DRC|POBK,1,underlyings,rfq
train,CORL|DRC|SITH,1,underlyings,rfq
train,CORL|HTTX,22,underlyings,rfq
train,CORL|HTTX|CLNE,1,underlyings,rfq
train,CORL|HTTX|DRC,1,underlyings,rfq
train,CORL|HTTX|JEDI,3,underlyings,rfq
train,CORL|HTTX|KYBR,1,underlyings,rfq
train,CORL|HTTX|NABO,1,underlyings,rfq
train,CORL|HTTX|POBK,5,underlyings,rfq
train,CORL|HTTX|REBL,1,underlyings,rfq
train,CORL|HTTX|SITH,2,underlyings,rfq
train,CORL|HTTX|TECH,1,underlyings,rfq
train,CORL|HTTX|WOOK,1,underlyings,rfq
train,CORL|JEDI,23,underlyings,rfq
train,CORL|JEDI|CLNE,1,underlyings,rfq
train,CORL|JEDI|DRC,1,underlyings,rfq
train,CORL|JEDI|KYBR,1,underlyings,rfq
train,CORL|JEDI|NABO,1,underlyings,rfq
train,CORL|JEDI|POBK,2,underlyings,rfq
train,CORL|JEDI|SITH,1,underlyings,rfq
train,CORL|JEDI|TECH,2,underlyings,rfq
train,CORL|KYBR,26,underlyings,rfq
train,CORL|KYBR|BSKR,1,underlyings,rfq
train,CORL|KYBR|DRC,2,underlyings,rfq
train,CORL|KYBR|HTTX,1,underlyings,rfq
train,CORL|KYBR|JEDI,1,underlyings,rfq
train,CORL|KYBR|MNDO,1,underlyings,rfq
train,CORL|KYBR|POBK,4,underlyings,rfq
train,CORL|KYBR|WOOK,1,underlyings,rfq
train,CORL|MNDO,27,underlyings,rfq
train,CORL|MNDO|BSKR,1,underlyings,rfq
train,CORL|MNDO|CLNE,1,underlyings,rfq
train,CORL|MNDO|DRC,1,underlyings,rfq
train,CORL|MNDO|JEDI,1,underlyings,rfq
train,CORL|MNDO|KYBR,2,underlyings,rfq
train,CORL|MNDO|REBL,1,underlyings,rfq
train,CORL|MNDO|TECH,1,underlyings,rfq
train,CORL|MNDO|WOOK,2,underlyings,rfq
train,CORL|NABO,24,underlyings,rfq
train,CORL|NABO|CLNE,1,underlyings,rfq
train,CORL|NABO|DRC,1,underlyings,rfq
train,CORL|NABO|JEDI,2,underlyings,rfq
train,CORL|NABO|KYBR,1,underlyings,rfq
train,CORL|NABO|MNDO,2,underlyings,rfq
train,CORL|NABO|REBL,1,underlyings,rfq
train,CORL|NABO|SITH,2,underlyings,rfq
train,CORL|NABO|WOOK,3,underlyings,rfq
train,CORL|POBK,25,underlyings,rfq
train,CORL|POBK|CLNE,1,underlyings,rfq
train,CORL|POBK|DRC,1,underlyings,rfq
train,CORL|POBK|HTTX,1,underlyings,rfq
train,CORL|POBK|KYBR,1,underlyings,rfq
train,CORL|POBK|MNDO,2,underlyings,rfq
train,CORL|POBK|NABO,2,underlyings,rfq
train,CORL|POBK|WOOK,2,underlyings,rfq
train,CORL|REBL,25,underlyings,rfq
train,CORL|REBL|HTTX,1,underlyings,rfq
train,CORL|REBL|JEDI,1,underlyings,rfq
train,CORL|REBL|NABO,1,underlyings,rfq
train,CORL|REBL|SITH,1,underlyings,rfq
train,CORL|REBL|TECH,1,underlyings,rfq
train,CORL|REBL|WOOK,1,underlyings,rfq
train,CORL|SITH,35,underlyings,rfq
train,CORL|SITH|BSKR,2,underlyings,rfq
train,CORL|SITH|CLNE,1,underlyings,rfq
train,CORL|SITH|DRC,2,underlyings,rfq
train,CORL|SITH|HTTX,1,underlyings,rfq
train,CORL|SITH|POBK,1,underlyings,rfq
train,CORL|SITH|REBL,3,underlyings,rfq
train,CORL|SITH|WOOK,1,underlyings,rfq
train,CORL|TECH,19,underlyings,rfq
train,CORL|TECH|CLNE,1,underlyings,rfq
train,CORL|TECH|HTTX,4,underlyings,rfq
train,CORL|TECH|KYBR,1,underlyings,rfq
train,CORL|TECH|MNDO,1,underlyings,rfq
train,CORL|TECH|NABO,1,underlyings,rfq
train,CORL|TECH|POBK,1,underlyings,rfq
train,CORL|TECH|REBL,2,underlyings,rfq
train,CORL|WOOK,26,underlyings,rfq
train,CORL|WOOK|CLNE,1,underlyings,rfq
train,CORL|WOOK|DRC,1,underlyings,rfq
train,CORL|WOOK|KYBR,1,underlyings,rfq
train,CORL|WOOK|MNDO,2,underlyings,rfq
train,CORL|WOOK|SITH,1,underlyings,rfq
train,CORL|WOOK|TECH,2,underlyings,rfq
train,DRC,225,underlyings,rfq
train,DRC|BSKR,18,underlyings,rfq
train,DRC|BSKR|CLNE,2,underlyings,rfq
train,DRC|BSKR|CORL,1,underlyings,rfq
train,DRC|BSKR|HTTX,3,underlyings,rfq
train,DRC|BSKR|KYBR,1,underlyings,rfq
train,DRC|BSKR|NABO,1,underlyings,rfq
train,DRC|BSKR|POBK,1,underlyings,rfq
train,DRC|BSKR|REBL,2,underlyings,rfq
train,DRC|BSKR|SITH,1,underlyings,rfq
train,DRC|BSKR|TECH,2,underlyings,rfq
train,DRC|BSKR|WOOK,1,underlyings,rfq
train,DRC|CLNE,33,underlyings,rfq
train,DRC|CLNE|BSKR,2,underlyings,rfq
train,DRC|CLNE|CORL,1,underlyings,rfq
train,DRC|CLNE|JEDI,2,underlyings,rfq
train,DRC|CLNE|KYBR,1,underlyings,rfq
train,DRC|CLNE|MNDO,2,underlyings,rfq
train,DRC|CLNE|NABO,2,underlyings,rfq
train,DRC|CLNE|POBK,3,underlyings,rfq
train,DRC|CLNE|REBL,1,underlyings,rfq
train,DRC|CLNE|TECH,1,underlyings,rfq
train,DRC|CORL,23,underlyings,rfq
train,DRC|CORL|BSKR,1,underlyings,rfq
train,DRC|CORL|CLNE,1,underlyings,rfq
train,DRC|CORL|JEDI,2,underlyings,rfq
train,DRC|CORL|KYBR,1,underlyings,rfq
train,DRC|CORL|NABO,2,underlyings,rfq
train,DRC|CORL|POBK,2,underlyings,rfq
train,DRC|CORL|WOOK,1,underlyings,rfq
train,DRC|HTTX,27,underlyings,rfq
train,DRC|HTTX|BSKR,1,underlyings,rfq
train,DRC|HTTX|CLNE,1,underlyings,rfq
train,DRC|HTTX|JEDI,1,underlyings,rfq
train,DRC|HTTX|REBL,2,underlyings,rfq
train,DRC|HTTX|WOOK,1,underlyings,rfq
train,DRC|JEDI,29,underlyings,rfq
train,DRC|JEDI|BSKR,1,underlyings,rfq
train,DRC|JEDI|CLNE,1,underlyings,rfq
train,DRC|JEDI|HTTX,1,underlyings,rfq
train,DRC|JEDI|KYBR,1,underlyings,rfq
train,DRC|JEDI|POBK,2,underlyings,rfq
train,DRC|JEDI|REBL,1,underlyings,rfq
train,DRC|JEDI|TECH,1,underlyings,rfq
train,DRC|JEDI|WOOK,1,underlyings,rfq
train,DRC|KYBR,24,underlyings,rfq
train,DRC|KYBR|BSKR,1,underlyings,rfq
train,DRC|KYBR|CLNE,2,underlyings,rfq
train,DRC|KYBR|MNDO,2,underlyings,rfq
train,DRC|KYBR|NABO,1,underlyings,rfq
train,DRC|KYBR|WOOK,1,underlyings,rfq
train,DRC|MNDO,30,underlyings,rfq
train,DRC|MNDO|BSKR,1,underlyings,rfq
train,DRC|MNDO|CLNE,1,underlyings,rfq
train,DRC|MNDO|CORL,1,underlyings,rfq
train,DRC|MNDO|HTTX,1,underlyings,rfq
train,DRC|MNDO|JEDI,1,underlyings,rfq
train,DRC|MNDO|KYBR,1,underlyings,rfq
train,DRC|MNDO|NABO,1,underlyings,rfq
train,DRC|MNDO|REBL,1,underlyings,rfq
train,DRC|MNDO|TECH,4,underlyings,rfq
train,DRC|NABO,21,underlyings,rfq
train,DRC|NABO|BSKR,1,underlyings,rfq
train,DRC|NABO|CORL,1,underlyings,rfq
train,DRC|NABO|HTTX,1,underlyings,rfq
train,DRC|NABO|JEDI,1,underlyings,rfq
train,DRC|NABO|KYBR,1,underlyings,rfq
train,DRC|NABO|MNDO,2,underlyings,rfq
train,DRC|NABO|POBK,1,underlyings,rfq
train,DRC|NABO|SITH,1,underlyings,rfq
train,DRC|NABO|TECH,1,underlyings,rfq
train,DRC|POBK,22,underlyings,rfq
train,DRC|POBK|BSKR,1,underlyings,rfq
train,DRC|POBK|CLNE,1,underlyings,rfq
train,DRC|POBK|CORL,1,underlyings,rfq
train,DRC|POBK|JEDI,2,underlyings,rfq
train,DRC|POBK|KYBR,2,underlyings,rfq
train,DRC|POBK|MNDO,1,underlyings,rfq
train,DRC|POBK|TECH,1,underlyings,rfq
train,DRC|REBL,32,underlyings,rfq
train,DRC|REBL|BSKR,1,underlyings,rfq
train,DRC|REBL|JEDI,4,underlyings,rfq
train,DRC|REBL|KYBR,2,underlyings,rfq
train,DRC|REBL|TECH,1,underlyings,rfq
train,DRC|SITH,26,underlyings,rfq
train,DRC|SITH|HTTX,1,underlyings,rfq
train,DRC|SITH|JEDI,1,underlyings,rfq
train,DRC|SITH|NABO,2,underlyings,rfq
train,DRC|SITH|WOOK,1,underlyings,rfq
train,DRC|TECH,28,underlyings,rfq
train,DRC|TECH|BSKR,3,underlyings,rfq
train,DRC|TECH|CORL,1,underlyings,rfq
train,DRC|TECH|HTTX,2,underlyings,rfq
train,DRC|TECH|JEDI,2,underlyings,rfq
train,DRC|TECH|KYBR,1,underlyings,rfq
train,DRC|TECH|NABO,1,underlyings,rfq
train,DRC|TECH|POBK,2,underlyings,rfq
train,DRC|TECH|SITH,1,underlyings,rfq
train,DRC|TECH|WOOK,1,underlyings,rfq
train,DRC|WOOK,29,underlyings,rfq
train,DRC|WOOK|BSKR,6,underlyings,rfq
train,DRC|WOOK|KYBR,3,underlyings,rfq
train,DRC|WOOK|POBK,1,underlyings,rfq
train,DRC|WOOK|SITH,1,underlyings,rfq
train,DRC|WOOK|TECH,1,underlyings,rfq
train,HTTX,227,underlyings,rfq
train,HTTX|BSKR,28,underlyings,rfq
train,HTTX|BSKR|DRC,1,underlyings,rfq
train,HTTX|BSKR|JEDI,3,underlyings,rfq
train,HTTX|BSKR|KYBR,1,underlyings,rfq
train,HTTX|BSKR|NABO,1,underlyings,rfq
train,HTTX|BSKR|REBL,3,underlyings,rfq
train,HTTX|BSKR|SITH,3,underlyings,rfq
train,HTTX|BSKR|WOOK,1,underlyings,rfq
train,HTTX|CLNE,22,underlyings,rfq
train,HTTX|CLNE|CORL,1,underlyings,rfq
train,HTTX|CLNE|DRC,1,underlyings,rfq
train,HTTX|CLNE|JEDI,2,underlyings,rfq
train,HTTX|CLNE|MNDO,1,underlyings,rfq
train,HTTX|CLNE|SITH,1,underlyings,rfq
train,HTTX|CLNE|TECH,1,underlyings,rfq
train,HTTX|CORL,15,underlyings,rfq
train,HTTX|CORL|BSKR,1,underlyings,rfq
train,HTTX|CORL|JEDI,1,underlyings,rfq
train,HTTX|CORL|POBK,1,underlyings,rfq
train,HTTX|CORL|SITH,3,underlyings,rfq
train,HTTX|CORL|WOOK,3,underlyings,rfq
train,HTTX|DRC,21,underlyings,rfq
train,HTTX|DRC|BSKR,2,underlyings,rfq
train,HTTX|DRC|JEDI,1,underlyings,rfq
train,HTTX|DRC|REBL,2,underlyings,rfq
train,HTTX|DRC|TECH,1,underlyings,rfq
train,HTTX|DRC|WOOK,1,underlyings,rfq
train,HTTX|JEDI,23,underlyings,rfq
train,HTTX|JEDI|DRC,1,underlyings,rfq
train,HTTX|JEDI|KYBR,2,underlyings,rfq
train,HTTX|JEDI|MNDO,1,underlyings,rfq
train,HTTX|JEDI|POBK,1,underlyings,rfq
train,HTTX|JEDI|SITH,1,underlyings,rfq
train,HTTX|KYBR,17,underlyings,rfq
train,HTTX|KYBR|CORL,3,underlyings,rfq
train,HTTX|KYBR|JEDI,1,underlyings,rfq
train,HTTX|KYBR|NABO,1,underlyings,rfq
train,HTTX|KYBR|POBK,2,underlyings,rfq
train,HTTX|KYBR|SITH,1,underlyings,rfq
train,HTTX|MNDO,23,underlyings,rfq
train,HTTX|MNDO|CLNE,1,underlyings,rfq
train,HTTX|MNDO|DRC,1,underlyings,rfq
train,HTTX|MNDO|JEDI,1,underlyings,rfq
train,HTTX|MNDO|KYBR,1,underlyings,rfq
train,HTTX|MNDO|POBK,1,underlyings,rfq
train,HTTX|MNDO|REBL,1,underlyings,rfq
train,HTTX|MNDO|WOOK,2,underlyings,rfq
train,HTTX|NABO,24,underlyings,rfq
train,HTTX|NABO|CORL,1,underlyings,rfq
train,HTTX|NABO|DRC,2,underlyings,rfq
train,HTTX|NABO|JEDI,1,underlyings,rfq
train,HTTX|NABO|KYBR,2,underlyings,rfq
train,HTTX|NABO|POBK,1,underlyings,rfq
train,HTTX|NABO|WOOK,1,underlyings,rfq
train,HTTX|POBK,26,underlyings,rfq
train,HTTX|POBK|CLNE,2,underlyings,rfq
train,HTTX|POBK|CORL,2,underlyings,rfq
train,HTTX|POBK|JEDI,1,underlyings,rfq
train,HTTX|POBK|KYBR,2,underlyings,rfq
train,HTTX|POBK|NABO,1,underlyings,rfq
train,HTTX|POBK|SITH,2,underlyings,rfq
train,HTTX|POBK|TECH,1,underlyings,rfq
train,HTTX|REBL,30,underlyings,rfq
train,HTTX|REBL|BSKR,1,underlyings,rfq
train,HTTX|REBL|CLNE,2,underlyings,rfq
train,HTTX|REBL|DRC,1,underlyings,rfq
train,HTTX|REBL|JEDI,2,underlyings,rfq
train,HTTX|REBL|MNDO,1,underlyings,rfq
train,HTTX|REBL|NABO,1,underlyings,rfq
train,HTTX|REBL|POBK,1,underlyings,rfq
train,HTTX|REBL|SITH,1,underlyings,rfq
train,HTTX|REBL|TECH,2,underlyings,rfq
train,HTTX|REBL|WOOK,1,underlyings,rfq
train,HTTX|SITH,31,underlyings,rfq
train,HTTX|SITH|BSKR,1,underlyings,rfq
train,HTTX|SITH|CLNE,1,underlyings,rfq
train,HTTX|SITH|KYBR,1,underlyings,rfq
train,HTTX|SITH|NABO,1,underlyings,rfq
train,HTTX|SITH|REBL,1,underlyings,rfq
train,HTTX|SITH|TECH,1,underlyings,rfq
train,HTTX|TECH,30,underlyings,rfq
train,HTTX|TECH|BSKR,2,underlyings,rfq
train,HTTX|TECH|CLNE,1,underlyings,rfq
train,HTTX|TECH|CORL,4,underlyings,rfq
train,HTTX|TECH|JEDI,2,underlyings,rfq
train,HTTX|TECH|KYBR,1,underlyings,rfq
train,HTTX|TECH|MNDO,1,underlyings,rfq
train,HTTX|WOOK,35,underlyings,rfq
train,HTTX|WOOK|CLNE,1,underlyings,rfq
train,HTTX|WOOK|CORL,2,underlyings,rfq
train,HTTX|WOOK|JEDI,1,underlyings,rfq
train,HTTX|WOOK|MNDO,1,underlyings,rfq
train,HTTX|WOOK|NABO,2,underlyings,rfq
train,HTTX|WOOK|POBK,1,underlyings,rfq
train,HTTX|WOOK|REBL,1,underlyings,rfq
train,HTTX|WOOK|TECH,3,underlyings,rfq
train,JEDI,270,underlyings,rfq
train,JEDI|BSKR,35,underlyings,rfq
train,JEDI|BSKR|CORL,1,underlyings,rfq
train,JEDI|BSKR|MNDO,1,underlyings,rfq
train,JEDI|BSKR|NABO,1,underlyings,rfq
train,JEDI|BSKR|POBK,2,underlyings,rfq
train,JEDI|BSKR|SITH,1,underlyings,rfq
train,JEDI|BSKR|WOOK,2,underlyings,rfq
train,JEDI|CLNE,27,underlyings,rfq
train,JEDI|CLNE|BSKR,1,underlyings,rfq
train,JEDI|CLNE|MNDO,2,underlyings,rfq
train,JEDI|CLNE|REBL,1,underlyings,rfq
train,JEDI|CLNE|SITH,1,underlyings,rfq
train,JEDI|CLNE|TECH,2,underlyings,rfq
train,JEDI|CORL,22,underlyings,rfq
train,JEDI|CORL|BSKR,1,underlyings,rfq
train,JEDI|CORL|DRC,1,underlyings,rfq
train,JEDI|CORL|NABO,1,underlyings,rfq
train,JEDI|CORL|POBK,1,underlyings,rfq
train,JEDI|CORL|REBL,2,underlyings,rfq
train,JEDI|CORL|TECH,2,underlyings,rfq
train,JEDI|DRC,23,underlyings,rfq
train,JEDI|DRC|CORL,2,underlyings,rfq
train,JEDI|DRC|NABO,2,underlyings,rfq
train,JEDI|DRC|SITH,1,underlyings,rfq
train,JEDI|DRC|TECH,1,underlyings,rfq
train,JEDI|DRC|WOOK,1,underlyings,rfq
train,JEDI|HTTX,25,underlyings,rfq
train,JEDI|HTTX|CLNE,2,underlyings,rfq
train,JEDI|HTTX|CORL,1,underlyings,rfq
train,JEDI|HTTX|KYBR,2,underlyings,rfq
train,JEDI|HTTX|REBL,1,underlyings,rfq
train,JEDI|HTTX|WOOK,1,underlyings,rfq
train,JEDI|KYBR,23,underlyings,rfq
train,JEDI|KYBR|BSKR,2,underlyings,rfq
train,JEDI|KYBR|DRC,2,underlyings,rfq
train,JEDI|KYBR|HTTX,3,underlyings,rfq
train,JEDI|KYBR|NABO,2,underlyings,rfq
train,JEDI|KYBR|REBL,2,underlyings,rfq
train,JEDI|KYBR|SITH,1,underlyings,rfq
train,JEDI|KYBR|TECH,2,underlyings,rfq
train,JEDI|MNDO,29,underlyings,rfq
train,JEDI|MNDO|BSKR,2,underlyings,rfq
train,JEDI|MNDO|SITH,1,underlyings,rfq
train,JEDI|MNDO|TECH,2,underlyings,rfq
train,JEDI|MNDO|WOOK,1,underlyings,rfq
train,JEDI|NABO,29,underlyings,rfq
train,JEDI|NABO|CORL,2,underlyings,rfq
train,JEDI|NABO|DRC,1,underlyings,rfq
train,JEDI|NABO|REBL,1,underlyings,rfq
train,JEDI|NABO|SITH,1,underlyings,rfq
train,JEDI|NABO|TECH,2,underlyings,rfq
train,JEDI|POBK,27,underlyings,rfq
train,JEDI|POBK|CORL,2,underlyings,rfq
train,JEDI|POBK|HTTX,1,underlyings,rfq
train,JEDI|POBK|NABO,1,underlyings,rfq
train,JEDI|POBK|REBL,1,underlyings,rfq
train,JEDI|POBK|SITH,2,underlyings,rfq
train,JEDI|POBK|WOOK,2,underlyings,rfq
train,JEDI|REBL,23,underlyings,rfq
train,JEDI|REBL|BSKR,1,underlyings,rfq
train,JEDI|REBL|CLNE,1,underlyings,rfq
train,JEDI|REBL|CORL,3,underlyings,rfq
train,JEDI|REBL|DRC,2,underlyings,rfq
train,JEDI|REBL|HTTX,1,underlyings,rfq
train,JEDI|REBL|KYBR,1,underlyings,rfq
train,JEDI|REBL|MNDO,2,underlyings,rfq
train,JEDI|REBL|NABO,2,underlyings,rfq
train,JEDI|REBL|POBK,1,underlyings,rfq
train,JEDI|REBL|TECH,2,underlyings,rfq
train,JEDI|SITH,30,underlyings,rfq
train,JEDI|SITH|CLNE,2,underlyings,rfq
train,JEDI|SITH|CORL,1,underlyings,rfq
train,JEDI|SITH|HTTX,2,underlyings,rfq
train,JEDI|SITH|KYBR,3,underlyings,rfq
train,JEDI|SITH|MNDO,1,underlyings,rfq
train,JEDI|SITH|POBK,1,underlyings,rfq
train,JEDI|SITH|WOOK,1,underlyings,rfq
train,JEDI|TECH,24,underlyings,rfq
train,JEDI|TECH|CORL,1,underlyings,rfq
train,JEDI|TECH|KYBR,1,underlyings,rfq
train,JEDI|TECH|REBL,1,underlyings,rfq
train,JEDI|TECH|WOOK,1,underlyings,rfq
train,JEDI|WOOK,30,underlyings,rfq
train,JEDI|WOOK|CORL,1,underlyings,rfq
train,JEDI|WOOK|HTTX,1,underlyings,rfq
train,JEDI|WOOK|KYBR,1,underlyings,rfq
train,JEDI|WOOK|NABO,1,underlyings,rfq
train,KYBR,244,underlyings,rfq
train,KYBR|BSKR,17,underlyings,rfq
train,KYBR|BSKR|CLNE,1,underlyings,rfq
train,KYBR|BSKR|DRC,1,underlyings,rfq
train,KYBR|BSKR|HTTX,3,underlyings,rfq
train,KYBR|BSKR|JEDI,2,underlyings,rfq
train,KYBR|BSKR|NABO,3,underlyings,rfq
train,KYBR|BSKR|SITH,1,underlyings,rfq
train,KYBR|BSKR|WOOK,1,underlyings,rfq
train,KYBR|CLNE,20,underlyings,rfq
train,KYBR|CLNE|HTTX,1,underlyings,rfq
train,KYBR|CLNE|JEDI,1,underlyings,rfq
train,KYBR|CLNE|NABO,1,underlyings,rfq
train,KYBR|CLNE|SITH,2,underlyings,rfq
train,KYBR|CORL,33,underlyings,rfq
train,KYBR|CORL|BSKR,2,underlyings,rfq
train,KYBR|CORL|CLNE,1,underlyings,rfq
train,KYBR|CORL|DRC,1,underlyings,rfq
train,KYBR|CORL|JEDI,1,underlyings,rfq
train,KYBR|CORL|SITH,1,underlyings,rfq
train,KYBR|DRC,26,underlyings,rfq
train,KYBR|DRC|BSKR,1,underlyings,rfq
train,KYBR|DRC|CORL,1,underlyings,rfq
train,KYBR|DRC|HTTX,2,underlyings,rfq
train,KYBR|DRC|MNDO,2,underlyings,rfq
train,KYBR|DRC|REBL,1,underlyings,rfq
train,KYBR|DRC|SITH,1,underlyings,rfq
train,KYBR|DRC|WOOK,1,underlyings,rfq
train,KYBR|HTTX,28,underlyings,rfq
train,KYBR|HTTX|JEDI,2,underlyings,rfq
train,KYBR|HTTX|MNDO,1,underlyings,rfq
train,KYBR|HTTX|NABO,1,underlyings,rfq
train,KYBR|HTTX|REBL,1,underlyings,rfq
train,KYBR|HTTX|WOOK,1,underlyings,rfq
train,KYBR|JEDI,24,underlyings,rfq
train,KYBR|JEDI|BSKR,2,underlyings,rfq
train,KYBR|JEDI|CLNE,1,underlyings,rfq
train,KYBR|JEDI|CORL,1,underlyings,rfq
train,KYBR|JEDI|POBK,3,underlyings,rfq
train,KYBR|MNDO,28,underlyings,rfq
train,KYBR|MNDO|DRC,1,underlyings,rfq
train,KYBR|MNDO|SITH,1,underlyings,rfq
train,KYBR|MNDO|TECH,1,underlyings,rfq
train,KYBR|MNDO|WOOK,1,underlyings,rfq
train,KYBR|NABO,27,underlyings,rfq
train,KYBR|NABO|CLNE,1,underlyings,rfq
train,KYBR|NABO|CORL,1,underlyings,rfq
train,KYBR|NABO|HTTX,1,underlyings,rfq
train,KYBR|NABO|JEDI,2,underlyings,rfq
train,KYBR|NABO|REBL,2,underlyings,rfq
train,KYBR|NABO|SITH,1,underlyings,rfq
train,KYBR|NABO|TECH,1,underlyings,rfq
train,KYBR|POBK,27,underlyings,rfq
train,KYBR|POBK|BSKR,1,underlyings,rfq
train,KYBR|POBK|CLNE,1,underlyings,rfq
train,KYBR|POBK|CORL,1,underlyings,rfq
train,KYBR|POBK|DRC,1,underlyings,rfq
train,KYBR|POBK|HTTX,1,underlyings,rfq
train,KYBR|POBK|MNDO,1,underlyings,rfq
train,KYBR|POBK|REBL,1,underlyings,rfq
train,KYBR|POBK|SITH,1,underlyings,rfq
train,KYBR|POBK|TECH,2,underlyings,rfq
train,KYBR|REBL,25,underlyings,rfq
train,KYBR|REBL|POBK,1,underlyings,rfq
train,KYBR|REBL|SITH,1,underlyings,rfq
train,KYBR|REBL|TECH,2,underlyings,rfq
train,KYBR|SITH,19,underlyings,rfq
train,KYBR|SITH|BSKR,1,underlyings,rfq
train,KYBR|SITH|CLNE,1,underlyings,rfq
train,KYBR|SITH|JEDI,1,underlyings,rfq
train,KYBR|SITH|MNDO,1,underlyings,rfq
train,KYBR|SITH|POBK,1,underlyings,rfq
train,KYBR|SITH|REBL,1,underlyings,rfq
train,KYBR|SITH|TECH,1,underlyings,rfq
train,KYBR|SITH|WOOK,1,underlyings,rfq
train,KYBR|TECH,24,underlyings,rfq
train,KYBR|TECH|CLNE,2,underlyings,rfq
train,KYBR|TECH|HTTX,1,underlyings,rfq
train,KYBR|TECH|JEDI,2,underlyings,rfq
train,KYBR|TECH|NABO,1,underlyings,rfq
train,KYBR|TECH|POBK,1,underlyings,rfq
train,KYBR|TECH|SITH,1,underlyings,rfq
train,KYBR|TECH|WOOK,2,underlyings,rfq
train,KYBR|WOOK,30,underlyings,rfq
train,KYBR|WOOK|BSKR,3,underlyings,rfq
train,KYBR|WOOK|CLNE,2,underlyings,rfq
train,KYBR|WOOK|CORL,1,underlyings,rfq
train,KYBR|WOOK|HTTX,2,underlyings,rfq
train,KYBR|WOOK|NABO,1,underlyings,rfq
train,KYBR|WOOK|REBL,1,underlyings,rfq
train,MNDO,238,underlyings,rfq
train,MNDO|BSKR,33,underlyings,rfq
train,MNDO|BSKR|KYBR,1,underlyings,rfq
train,MNDO|BSKR|NABO,1,underlyings,rfq
train,MNDO|BSKR|REBL,2,underlyings,rfq
train,MNDO|BSKR|SITH,1,underlyings,rfq
train,MNDO|BSKR|TECH,1,underlyings,rfq
train,MNDO|CLNE,32,underlyings,rfq
train,MNDO|CLNE|CORL,2,underlyings,rfq
train,MNDO|CLNE|DRC,1,underlyings,rfq
train,MNDO|CLNE|JEDI,1,underlyings,rfq
train,MNDO|CLNE|KYBR,1,underlyings,rfq
train,MNDO|CLNE|POBK,1,underlyings,rfq
train,MNDO|CORL,20,underlyings,rfq
train,MNDO|CORL|CLNE,1,underlyings,rfq
train,MNDO|CORL|HTTX,3,underlyings,rfq
train,MNDO|CORL|JEDI,1,underlyings,rfq
train,MNDO|CORL|POBK,1,underlyings,rfq
train,MNDO|CORL|REBL,1,underlyings,rfq
train,MNDO|CORL|SITH,3,underlyings,rfq
train,MNDO|CORL|TECH,1,underlyings,rfq
train,MNDO|CORL|WOOK,1,underlyings,rfq
train,MNDO|DRC,23,underlyings,rfq
train,MNDO|DRC|CORL,1,underlyings,rfq
train,MNDO|DRC|HTTX,1,underlyings,rfq
train,MNDO|DRC|KYBR,1,underlyings,rfq
train,MNDO|DRC|NABO,3,underlyings,rfq
train,MNDO|HTTX,38,underlyings,rfq
train,MNDO|HTTX|CLNE,2,underlyings,rfq
train,MNDO|HTTX|DRC,1,underlyings,rfq
train,MNDO|HTTX|KYBR,1,underlyings,rfq
train,MNDO|HTTX|REBL,1,underlyings,rfq
train,MNDO|HTTX|TECH,2,underlyings,rfq
train,MNDO|JEDI,28,underlyings,rfq
train,MNDO|JEDI|BSKR,1,underlyings,rfq
train,MNDO|JEDI|CORL,1,underlyings,rfq
train,MNDO|JEDI|NABO,1,underlyings,rfq
train,MNDO|JEDI|WOOK,1,underlyings,rfq
train,MNDO|KYBR,31,underlyings,rfq
train,MNDO|KYBR|JEDI,1,underlyings,rfq
train,MNDO|KYBR|NABO,1,underlyings,rfq
train,MNDO|KYBR|TECH,1,underlyings,rfq
train,MNDO|KYBR|WOOK,2,underlyings,rfq
train,MNDO|NABO,20,underlyings,rfq
train,MNDO|NABO|BSKR,1,underlyings,rfq
train,MNDO|NABO|CORL,1,underlyings,rfq
train,MNDO|NABO|DRC,2,underlyings,rfq
train,MNDO|NABO|JEDI,1,underlyings,rfq
train,MNDO|NABO|KYBR,1,underlyings,rfq
train,MNDO|NABO|TECH,2,underlyings,rfq
train,MNDO|NABO|WOOK,2,underlyings,rfq
train,MNDO|POBK,32,underlyings,rfq
train,MNDO|POBK|CLNE,2,underlyings,rfq
train,MNDO|POBK|KYBR,1,underlyings,rfq
train,MNDO|POBK|REBL,1,underlyings,rfq
train,MNDO|POBK|TECH,1,underlyings,rfq
train,MNDO|REBL,24,underlyings,rfq
train,MNDO|REBL|BSKR,1,underlyings,rfq
train,MNDO|REBL|DRC,1,underlyings,rfq
train,MNDO|REBL|HTTX,1,underlyings,rfq
train,MNDO|REBL|JEDI,2,underlyings,rfq
train,MNDO|REBL|NABO,2,underlyings,rfq
train,MNDO|REBL|POBK,1,underlyings,rfq
train,MNDO|REBL|SITH,1,underlyings,rfq
train,MNDO|REBL|TECH,2,underlyings,rfq
train,MNDO|SITH,34,underlyings,rfq
train,MNDO|SITH|BSKR,2,underlyings,rfq
train,MNDO|SITH|CLNE,1,underlyings,rfq
train,MNDO|SITH|HTTX,1,underlyings,rfq
train,MNDO|SITH|TECH,1,underlyings,rfq
train,MNDO|SITH|WOOK,3,underlyings,rfq
train,MNDO|TECH,24,underlyings,rfq
train,MNDO|TECH|BSKR,1,underlyings,rfq
train,MNDO|TECH|CORL,1,underlyings,rfq
train,MNDO|TECH|KYBR,2,underlyings,rfq
train,MNDO|TECH|WOOK,1,underlyings,rfq
train,MNDO|WOOK,18,underlyings,rfq
train,MNDO|WOOK|BSKR,1,underlyings,rfq
train,MNDO|WOOK|CLNE,2,underlyings,rfq
train,MNDO|WOOK|JEDI,1,underlyings,rfq
train,MNDO|WOOK|KYBR,3,underlyings,rfq
train,MNDO|WOOK|NABO,1,underlyings,rfq
train,MNDO|WOOK|REBL,2,underlyings,rfq
train,MNDO|WOOK|TECH,1,underlyings,rfq
train,NABO,197,underlyings,rfq
train,NABO|BSKR,31,underlyings,rfq
train,NABO|BSKR|CLNE,1,underlyings,rfq
train,NABO|BSKR|CORL,2,underlyings,rfq
train,NABO|BSKR|HTTX,1,underlyings,rfq
train,NABO|BSKR|JEDI,1,underlyings,rfq
train,NABO|BSKR|KYBR,1,underlyings,rfq
train,NABO|BSKR|REBL,1,underlyings,rfq
train,NABO|BSKR|SITH,1,underlyings,rfq
train,NABO|BSKR|TECH,2,underlyings,rfq
train,NABO|BSKR|WOOK,2,underlyings,rfq
train,NABO|CLNE,31,underlyings,rfq
train,NABO|CLNE|BSKR,2,underlyings,rfq
train,NABO|CLNE|CORL,2,underlyings,rfq
train,NABO|CLNE|JEDI,2,underlyings,rfq
train,NABO|CLNE|MNDO,2,underlyings,rfq
train,NABO|CLNE|SITH,1,underlyings,rfq
train,NABO|CLNE|TECH,1,underlyings,rfq
train,NABO|CORL,42,underlyings,rfq
train,NABO|CORL|BSKR,1,underlyings,rfq
train,NABO|CORL|CLNE,3,underlyings,rfq
train,NABO|CORL|HTTX,2,underlyings,rfq
train,NABO|CORL|KYBR,1,underlyings,rfq
train,NABO|CORL|MNDO,4,underlyings,rfq
train,NABO|CORL|POBK,2,underlyings,rfq
train,NABO|CORL|REBL,2,underlyings,rfq
train,NABO|CORL|SITH,3,underlyings,rfq
train,NABO|CORL|WOOK,1,underlyings,rfq
train,NABO|DRC,24,underlyings,rfq
train,NABO|DRC|BSKR,2,underlyings,rfq
train,NABO|DRC|CLNE,1,underlyings,rfq
train,NABO|DRC|KYBR,1,underlyings,rfq
train,NABO|DRC|POBK,2,underlyings,rfq
train,NABO|DRC|REBL,1,underlyings,rfq
train,NABO|DRC|SITH,2,underlyings,rfq
train,NABO|DRC|TECH,2,underlyings,rfq
train,NABO|HTTX,32,underlyings,rfq
train,NABO|HTTX|CLNE,1,underlyings,rfq
train,NABO|HTTX|CORL,2,underlyings,rfq
train,NABO|HTTX|JEDI,1,underlyings,rfq
train,NABO|HTTX|KYBR,1,underlyings,rfq
train,NABO|HTTX|POBK,2,underlyings,rfq
train,NABO|JEDI,29,underlyings,rfq
train,NABO|JEDI|CORL,1,underlyings,rfq
train,NABO|JEDI|DRC,2,underlyings,rfq
train,NABO|JEDI|HTTX,2,underlyings,rfq
train,NABO|JEDI|KYBR,2,underlyings,rfq
train,NABO|JEDI|POBK,1,underlyings,rfq
train,NABO|JEDI|TECH,1,underlyings,rfq
train,NABO|KYBR,28,underlyings,rfq
train,NABO|KYBR|BSKR,2,underlyings,rfq
train,NABO|KYBR|CLNE,1,underlyings,rfq
train,NABO|KYBR|DRC,2,underlyings,rfq
train,NABO|KYBR|HTTX,1,underlyings,rfq
train,NABO|KYBR|REBL,1,underlyings,rfq
train,NABO|KYBR|TECH,1,underlyings,rfq
train,NABO|KYBR|WOOK,1,underlyings,rfq
train,NABO|MNDO,27,underlyings,rfq
train,NABO|MNDO|HTTX,1,underlyings,rfq
train,NABO|MNDO|JEDI,1,underlyings,rfq
train,NABO|MNDO|POBK,1,underlyings,rfq
train,NABO|MNDO|REBL,1,underlyings,rfq
train,NABO|MNDO|SITH,1,underlyings,rfq
train,NABO|POBK,33,underlyings,rfq
train,NABO|POBK|BSKR,1,underlyings,rfq
train,NABO|POBK|CORL,1,underlyings,rfq
train,NABO|POBK|DRC,2,underlyings,rfq
train,NABO|POBK|REBL,1,underlyings,rfq
train,NABO|POBK|WOOK,1,underlyings,rfq
train,NABO|REBL,30,underlyings,rfq
train,NABO|REBL|BSKR,2,underlyings,rfq
train,NABO|REBL|CLNE,1,underlyings,rfq
train,NABO|REBL|HTTX,1,underlyings,rfq
train,NABO|REBL|JEDI,2,underlyings,rfq
train,NABO|REBL|MNDO,2,underlyings,rfq
train,NABO|REBL|SITH,1,underlyings,rfq
train,NABO|REBL|WOOK,1,underlyings,rfq
train,NABO|SITH,20,underlyings,rfq
train,NABO|SITH|CORL,1,underlyings,rfq
train,NABO|SITH|HTTX,1,underlyings,rfq
train,NABO|SITH|KYBR,2,underlyings,rfq
train,NABO|SITH|MNDO,1,underlyings,rfq
train,NABO|SITH|POBK,2,underlyings,rfq
train,NABO|SITH|REBL,1,underlyings,rfq
train,NABO|SITH|TECH,1,underlyings,rfq
train,NABO|TECH,27,underlyings,rfq
train,NABO|TECH|CLNE,3,underlyings,rfq
train,NABO|TECH|DRC,1,underlyings,rfq
train,NABO|TECH|HTTX,2,underlyings,rfq
train,NABO|TECH|REBL,1,underlyings,rfq
train,NABO|TECH|SITH,2,underlyings,rfq
train,NABO|TECH|WOOK,2,underlyings,rfq
train,NABO|WOOK,28,underlyings,rfq
train,NABO|WOOK|BSKR,1,underlyings,rfq
train,NABO|WOOK|DRC,2,underlyings,rfq
train,NABO|WOOK|JEDI,1,underlyings,rfq
train,NABO|WOOK|MNDO,1,underlyings,rfq
train,NABO|WOOK|POBK,4,underlyings,rfq
train,NABO|WOOK|TECH,2,underlyings,rfq
train,POBK,222,underlyings,rfq
train,POBK|BSKR,34,underlyings,rfq
train,POBK|BSKR|CLNE,1,underlyings,rfq
train,POBK|BSKR|HTTX,2,underlyings,rfq
train,POBK|BSKR|JEDI,1,underlyings,rfq
train,POBK|BSKR|MNDO,1,underlyings,rfq
train,POBK|BSKR|NABO,2,underlyings,rfq
train,POBK|BSKR|REBL,1,underlyings,rfq
train,POBK|BSKR|TECH,1,underlyings,rfq
train,POBK|BSKR|WOOK,1,underlyings,rfq
train,POBK|CLNE,21,underlyings,rfq
train,POBK|CLNE|CORL,1,underlyings,rfq
train,POBK|CLNE|HTTX,1,underlyings,rfq
train,POBK|CLNE|KYBR,3,underlyings,rfq
train,POBK|CLNE|REBL,1,underlyings,rfq
train,POBK|CLNE|SITH,1,underlyings,rfq
train,POBK|CLNE|WOOK,1,underlyings,rfq
train,POBK|CORL,29,underlyings,rfq
train,POBK|CORL|BSKR,1,underlyings,rfq
train,POBK|CORL|DRC,1,underlyings,rfq
train,POBK|CORL|JEDI,2,underlyings,rfq
train,POBK|CORL|MNDO,1,underlyings,rfq
train,POBK|CORL|NABO,1,underlyings,rfq
train,POBK|CORL|REBL,2,underlyings,rfq
train,POBK|CORL|TECH,2,underlyings,rfq
train,POBK|CORL|WOOK,2,underlyings,rfq
train,POBK|DRC,22,underlyings,rfq
train,POBK|DRC|BSKR,1,underlyings,rfq
train,POBK|DRC|CLNE,1,underlyings,rfq
train,POBK|DRC|HTTX,2,underlyings,rfq
train,POBK|DRC|JEDI,1,underlyings,rfq
train,POBK|DRC|SITH,2,underlyings,rfq
train,POBK|DRC|TECH,1,underlyings,rfq
train,POBK|DRC|WOOK,1,underlyings,rfq
train,POBK|HTTX,27,underlyings,rfq
train,POBK|HTTX|BSKR,2,underlyings,rfq
train,POBK|HTTX|DRC,2,underlyings,rfq
train,POBK|HTTX|MNDO,1,underlyings,rfq
train,POBK|HTTX|NABO,1,underlyings,rfq
train,POBK|HTTX|SITH,1,underlyings,rfq
train,POBK|HTTX|WOOK,1,underlyings,rfq
train,POBK|JEDI,30,underlyings,rfq
train,POBK|JEDI|BSKR,1,underlyings,rfq
train,POBK|JEDI|CLNE,1,underlyings,rfq
train,POBK|JEDI|KYBR,2,underlyings,rfq
train,POBK|JEDI|MNDO,1,underlyings,rfq
train,POBK|JEDI|NABO,1,underlyings,rfq
train,POBK|JEDI|REBL,1,underlyings,rfq
train,POBK|JEDI|SITH,1,underlyings,rfq
train,POBK|JEDI|WOOK,1,underlyings,rfq
train,POBK|KYBR,26,underlyings,rfq
train,POBK|KYBR|CLNE,1,underlyings,rfq
train,POBK|KYBR|CORL,1,underlyings,rfq
train,POBK|KYBR|JEDI,1,underlyings,rfq
train,POBK|KYBR|REBL,2,underlyings,rfq
train,POBK|MNDO,27,underlyings,rfq
train,POBK|MNDO|BSKR,1,underlyings,rfq
train,POBK|MNDO|HTTX,1,underlyings,rfq
train,POBK|MNDO|KYBR,1,underlyings,rfq
train,POBK|MNDO|NABO,2,underlyings,rfq
train,POBK|MNDO|SITH,3,underlyings,rfq
train,POBK|MNDO|WOOK,1,underlyings,rfq
train,POBK|NABO,22,underlyings,rfq
train,POBK|NABO|BSKR,3,underlyings,rfq
train,POBK|NABO|CLNE,1,underlyings,rfq
train,POBK|NABO|CORL,1,underlyings,rfq
train,POBK|NABO|DRC,2,underlyings,rfq
train,POBK|NABO|JEDI,2,underlyings,rfq
train,POBK|NABO|REBL,1,underlyings,rfq
train,POBK|NABO|TECH,2,underlyings,rfq
train,POBK|NABO|WOOK,1,underlyings,rfq
train,POBK|REBL,24,underlyings,rfq
train,POBK|REBL|CLNE,1,underlyings,rfq
train,POBK|REBL|CORL,1,underlyings,rfq
train,POBK|REBL|HTTX,2,underlyings,rfq
train,POBK|REBL|JEDI,2,underlyings,rfq
train,POBK|REBL|KYBR,1,underlyings,rfq
train,POBK|REBL|NABO,1,underlyings,rfq
train,POBK|REBL|SITH,1,underlyings,rfq
train,POBK|REBL|TECH,1,underlyings,rfq
train,POBK|REBL|WOOK,1,underlyings,rfq
train,POBK|SITH,21,underlyings,rfq
train,POBK|SITH|MNDO,1,underlyings,rfq
train,POBK|SITH|REBL,1,underlyings,rfq
train,POBK|TECH,25,underlyings,rfq
train,POBK|TECH|CLNE,1,underlyings,rfq
train,POBK|TECH|DRC,2,underlyings,rfq
train,POBK|TECH|JEDI,2,underlyings,rfq
train,POBK|TECH|KYBR,1,underlyings,rfq
train,POBK|TECH|NABO,1,underlyings,rfq
train,POBK|TECH|REBL,1,underlyings,rfq
train,POBK|TECH|SITH,2,underlyings,rfq
train,POBK|WOOK,18,underlyings,rfq
train,POBK|WOOK|BSKR,1,underlyings,rfq
train,POBK|WOOK|CORL,1,underlyings,rfq
train,POBK|WOOK|HTTX,2,underlyings,rfq
train,POBK|WOOK|JEDI,1,underlyings,rfq
train,POBK|WOOK|KYBR,3,underlyings,rfq
train,POBK|WOOK|NABO,1,underlyings,rfq
train,POBK|WOOK|REBL,1,underlyings,rfq
train,REBL,209,underlyings,rfq
train,REBL|BSKR,32,underlyings,rfq
train,REBL|BSKR|CORL,2,underlyings,rfq
train,REBL|BSKR|HTTX,1,underlyings,rfq
train,REBL|BSKR|JEDI,2,underlyings,rfq
train,REBL|BSKR|KYBR,2,underlyings,rfq
train,REBL|BSKR|NABO,2,underlyings,rfq
train,REBL|BSKR|POBK,1,underlyings,rfq
train,REBL|BSKR|SITH,1,underlyings,rfq
train,REBL|BSKR|TECH,1,underlyings,rfq
train,REBL|CLNE,26,underlyings,rfq
train,REBL|CLNE|BSKR,3,underlyings,rfq
train,REBL|CLNE|DRC,1,underlyings,rfq
train,REBL|CLNE|HTTX,1,underlyings,rfq
train,REBL|CLNE|JEDI,1,underlyings,rfq
train,REBL|CLNE|POBK,1,underlyings,rfq
train,REBL|CLNE|SITH,1,underlyings,rfq
train,REBL|CLNE|TECH,1,underlyings,rfq
train,REBL|CORL,27,underlyings,rfq
train,REBL|CORL|BSKR,2,underlyings,rfq
train,REBL|CORL|CLNE,1,underlyings,rfq
train,REBL|CORL|JEDI,1,underlyings,rfq
train,REBL|CORL|KYBR,1,underlyings,rfq
train,REBL|CORL|NABO,1,underlyings,rfq
train,REBL|CORL|SITH,2,underlyings,rfq
train,REBL|CORL|TECH,1,underlyings,rfq
train,REBL|CORL|WOOK,2,underlyings,rfq
train,REBL|DRC,24,underlyings,rfq
train,REBL|DRC|CLNE,3,underlyings,rfq
train,REBL|DRC|JEDI,2,underlyings,rfq
train,REBL|DRC|KYBR,1,underlyings,rfq
train,REBL|DRC|MNDO,2,underlyings,rfq
train,REBL|DRC|NABO,1,underlyings,rfq
train,REBL|DRC|SITH,1,underlyings,rfq
train,REBL|DRC|TECH,1,underlyings,rfq
train,REBL|HTTX,26,underlyings,rfq
train,REBL|HTTX|CLNE,1,underlyings,rfq
train,REBL|HTTX|JEDI,1,underlyings,rfq
train,REBL|HTTX|NABO,2,underlyings,rfq
train,REBL|HTTX|POBK,1,underlyings,rfq
train,REBL|JEDI,35,underlyings,rfq
train,REBL|JEDI|BSKR,2,underlyings,rfq
train,REBL|JEDI|CLNE,1,underlyings,rfq
train,REBL|JEDI|CORL,1,underlyings,rfq
train,REBL|JEDI|HTTX,1,underlyings,rfq
train,REBL|JEDI|NABO,2,underlyings,rfq
train,REBL|JEDI|TECH,1,underlyings,rfq
train,REBL|JEDI|WOOK,3,underlyings,rfq
train,REBL|KYBR,28,underlyings,rfq
train,REBL|KYBR|JEDI,1,underlyings,rfq
train,REBL|KYBR|NABO,1,underlyings,rfq
train,REBL|MNDO,34,underlyings,rfq
train,REBL|MNDO|CLNE,1,underlyings,rfq
train,REBL|MNDO|CORL,1,underlyings,rfq
train,REBL|MNDO|HTTX,2,underlyings,rfq
train,REBL|MNDO|JEDI,4,underlyings,rfq
train,REBL|MNDO|POBK,1,underlyings,rfq
train,REBL|MNDO|SITH,1,underlyings,rfq
train,REBL|NABO,30,underlyings,rfq
train,REBL|NABO|DRC,3,underlyings,rfq
train,REBL|NABO|KYBR,1,underlyings,rfq
train,REBL|NABO|POBK,1,underlyings,rfq
train,REBL|NABO|TECH,1,underlyings,rfq
train,REBL|NABO|WOOK,2,underlyings,rfq
train,REBL|POBK,34,underlyings,rfq
train,REBL|POBK|BSKR,1,underlyings,rfq
train,REBL|POBK|CORL,1,underlyings,rfq
train,REBL|POBK|HTTX,1,underlyings,rfq
train,REBL|POBK|JEDI,1,underlyings,rfq
train,REBL|POBK|NABO,1,underlyings,rfq
train,REBL|POBK|TECH,1,underlyings,rfq
train,REBL|POBK|WOOK,1,underlyings,rfq
train,REBL|SITH,29,underlyings,rfq
train,REBL|SITH|BSKR,1,underlyings,rfq
train,REBL|SITH|CLNE,1,underlyings,rfq
train,REBL|SITH|CORL,2,underlyings,rfq
train,REBL|SITH|DRC,1,underlyings,rfq
train,REBL|SITH|HTTX,2,underlyings,rfq
train,REBL|SITH|MNDO,1,underlyings,rfq
train,REBL|SITH|NABO,2,underlyings,rfq
train,REBL|SITH|TECH,2,underlyings,rfq
train,REBL|TECH,30,underlyings,rfq
train,REBL|TECH|BSKR,1,underlyings,rfq
train,REBL|TECH|CORL,2,underlyings,rfq
train,REBL|TECH|MNDO,1,underlyings,rfq
train,REBL|TECH|NABO,1,underlyings,rfq
train,REBL|TECH|POBK,1,underlyings,rfq
train,REBL|TECH|WOOK,1,underlyings,rfq
train,REBL|WOOK,24,underlyings,rfq
train,REBL|WOOK|CLNE,2,underlyings,rfq
train,REBL|WOOK|CORL,3,underlyings,rfq
train,REBL|WOOK|DRC,3,underlyings,rfq
train,REBL|WOOK|HTTX,5,underlyings,rfq
train,REBL|WOOK|JEDI,1,underlyings,rfq
train,REBL|WOOK|MNDO,1,underlyings,rfq
train,REBL|WOOK|SITH,1,underlyings,rfq
train,REBL|WOOK|TECH,3,underlyings,rfq
train,SITH,260,underlyings,rfq
train,SITH|BSKR,31,underlyings,rfq
train,SITH|BSKR|CLNE,1,underlyings,rfq
train,SITH|BSKR|CORL,3,underlyings,rfq
train,SITH|BSKR|DRC,1,underlyings,rfq
train,SITH|BSKR|KYBR,1,underlyings,rfq
train,SITH|BSKR|MNDO,1,underlyings,rfq
train,SITH|BSKR|NABO,2,underlyings,rfq
train,SITH|BSKR|REBL,2,underlyings,rfq
train,SITH|CLNE,29,underlyings,rfq
train,SITH|CLNE|BSKR,1,underlyings,rfq
train,SITH|CLNE|DRC,1,underlyings,rfq
train,SITH|CLNE|JEDI,2,underlyings,rfq
train,SITH|CLNE|KYBR,2,underlyings,rfq
train,SITH|CORL,32,underlyings,rfq
train,SITH|CORL|BSKR,1,underlyings,rfq
train,SITH|CORL|KYBR,2,underlyings,rfq
train,SITH|CORL|MNDO,1,underlyings,rfq
train,SITH|CORL|POBK,1,underlyings,rfq
train,SITH|CORL|REBL,1,underlyings,rfq
train,SITH|CORL|TECH,1,underlyings,rfq
train,SITH|DRC,23,underlyings,rfq
train,SITH|DRC|BSKR,1,underlyings,rfq
train,SITH|DRC|CLNE,1,underlyings,rfq
train,SITH|DRC|JEDI,1,underlyings,rfq
train,SITH|DRC|KYBR,2,underlyings,rfq
train,SITH|DRC|MNDO,1,underlyings,rfq
train,SITH|DRC|NABO,1,underlyings,rfq
train,SITH|DRC|POBK,1,underlyings,rfq
train,SITH|DRC|REBL,1,underlyings,rfq
train,SITH|DRC|TECH,1,underlyings,rfq
train,SITH|DRC|WOOK,1,underlyings,rfq
train,SITH|HTTX,19,underlyings,rfq
train,SITH|HTTX|CORL,2,underlyings,rfq
train,SITH|HTTX|DRC,1,underlyings,rfq
train,SITH|HTTX|JEDI,2,underlyings,rfq
train,SITH|HTTX|KYBR,1,underlyings,rfq
train,SITH|HTTX|MNDO,1,underlyings,rfq
train,SITH|HTTX|REBL,1,underlyings,rfq
train,SITH|HTTX|TECH,1,underlyings,rfq
train,SITH|HTTX|WOOK,1,underlyings,rfq
train,SITH|JEDI,32,underlyings,rfq
train,SITH|JEDI|BSKR,1,underlyings,rfq
train,SITH|JEDI|CLNE,1,underlyings,rfq
train,SITH|JEDI|DRC,1,underlyings,rfq
train,SITH|JEDI|MNDO,1,underlyings,rfq
train,SITH|JEDI|NABO,1,underlyings,rfq
train,SITH|JEDI|POBK,2,underlyings,rfq
train,SITH|KYBR,31,underlyings,rfq
train,SITH|KYBR|MNDO,1,underlyings,rfq
train,SITH|KYBR|POBK,2,underlyings,rfq
train,SITH|KYBR|REBL,1,underlyings,rfq
train,SITH|MNDO,26,underlyings,rfq
train,SITH|MNDO|BSKR,1,underlyings,rfq
train,SITH|MNDO|CORL,1,underlyings,rfq
train,SITH|MNDO|HTTX,1,underlyings,rfq
train,SITH|MNDO|NABO,4,underlyings,rfq
train,SITH|MNDO|POBK,3,underlyings,rfq
train,SITH|MNDO|REBL,1,underlyings,rfq
train,SITH|MNDO|TECH,1,underlyings,rfq
train,SITH|MNDO|WOOK,3,underlyings,rfq
train,SITH|NABO,19,underlyings,rfq
train,SITH|NABO|CLNE,1,underlyings,rfq
train,SITH|NABO|DRC,2,underlyings,rfq
train,SITH|NABO|HTTX,1,underlyings,rfq
train,SITH|NABO|JEDI,2,underlyings,rfq
train,SITH|NABO|MNDO,2,underlyings,rfq
train,SITH|NABO|REBL,1,underlyings,rfq
train,SITH|NABO|WOOK,2,underlyings,rfq
train,SITH|POBK,29,underlyings,rfq
train,SITH|POBK|BSKR,1,underlyings,rfq
train,SITH|POBK|CORL,1,underlyings,rfq
train,SITH|POBK|HTTX,2,underlyings,rfq
train,SITH|POBK|JEDI,1,underlyings,rfq
train,SITH|POBK|KYBR,1,underlyings,rfq
train,SITH|POBK|NABO,1,underlyings,rfq
train,SITH|POBK|TECH,2,underlyings,rfq
train,SITH|POBK|WOOK,1,underlyings,rfq
train,SITH|REBL,24,underlyings,rfq
train,SITH|REBL|BSKR,3,underlyings,rfq
train,SITH|REBL|CORL,1,underlyings,rfq
train,SITH|REBL|DRC,1,underlyings,rfq
train,SITH|REBL|JEDI,2,underlyings,rfq
train,SITH|REBL|MNDO,1,underlyings,rfq
train,SITH|REBL|NABO,2,underlyings,rfq
train,SITH|REBL|TECH,1,underlyings,rfq
train,SITH|REBL|WOOK,1,underlyings,rfq
train,SITH|TECH,17,underlyings,rfq
train,SITH|TECH|BSKR,2,underlyings,rfq
train,SITH|TECH|CORL,1,underlyings,rfq
train,SITH|TECH|DRC,3,underlyings,rfq
train,SITH|TECH|KYBR,3,underlyings,rfq
train,SITH|TECH|MNDO,2,underlyings,rfq
train,SITH|TECH|POBK,1,underlyings,rfq
train,SITH|TECH|WOOK,4,underlyings,rfq
train,SITH|WOOK,31,underlyings,rfq
train,SITH|WOOK|CLNE,1,underlyings,rfq
train,SITH|WOOK|CORL,1,underlyings,rfq
train,SITH|WOOK|DRC,1,underlyings,rfq
train,SITH|WOOK|HTTX,1,underlyings,rfq
train,SITH|WOOK|JEDI,1,underlyings,rfq
train,SITH|WOOK|MNDO,1,underlyings,rfq
train,SITH|WOOK|TECH,1,underlyings,rfq
train,TECH,255,underlyings,rfq
train,TECH|BSKR,33,underlyings,rfq
train,TECH|BSKR|CORL,2,underlyings,rfq
train,TECH|BSKR|DRC,1,underlyings,rfq
train,TECH|BSKR|HTTX,1,underlyings,rfq
train,TECH|BSKR|JEDI,1,underlyings,rfq
train,TECH|BSKR|NABO,3,underlyings,rfq
train,TECH|CLNE,31,underlyings,rfq
train,TECH|CLNE|BSKR,1,underlyings,rfq
train,TECH|CLNE|HTTX,2,underlyings,rfq
train,TECH|CLNE|JEDI,3,underlyings,rfq
train,TECH|CLNE|NABO,1,underlyings,rfq
train,TECH|CLNE|REBL,1,underlyings,rfq
train,TECH|CLNE|WOOK,1,underlyings,rfq
train,TECH|CORL,35,underlyings,rfq
train,TECH|CORL|CLNE,1,underlyings,rfq
train,TECH|CORL|DRC,1,underlyings,rfq
train,TECH|CORL|NABO,5,underlyings,rfq
train,TECH|CORL|POBK,1,underlyings,rfq
train,TECH|CORL|REBL,1,underlyings,rfq
train,TECH|DRC,25,underlyings,rfq
train,TECH|DRC|CLNE,1,underlyings,rfq
train,TECH|DRC|CORL,1,underlyings,rfq
train,TECH|DRC|HTTX,1,underlyings,rfq
train,TECH|DRC|NABO,1,underlyings,rfq
train,TECH|DRC|POBK,1,underlyings,rfq
train,TECH|HTTX,28,underlyings,rfq
train,TECH|HTTX|BSKR,1,underlyings,rfq
train,TECH|HTTX|CORL,1,underlyings,rfq
train,TECH|HTTX|DRC,2,underlyings,rfq
train,TECH|HTTX|JEDI,1,underlyings,rfq
train,TECH|HTTX|KYBR,1,underlyings,rfq
train,TECH|HTTX|MNDO,3,underlyings,rfq
train,TECH|HTTX|POBK,2,underlyings,rfq
train,TECH|HTTX|REBL,1,underlyings,rfq
train,TECH|HTTX|WOOK,1,underlyings,rfq
train,TECH|JEDI,32,underlyings,rfq
train,TECH|JEDI|CLNE,3,underlyings,rfq
train,TECH|JEDI|DRC,1,underlyings,rfq
train,TECH|JEDI|HTTX,1,underlyings,rfq
train,TECH|JEDI|MNDO,2,underlyings,rfq
train,TECH|JEDI|POBK,1,underlyings,rfq
train,TECH|JEDI|REBL,1,underlyings,rfq
train,TECH|JEDI|WOOK,2,underlyings,rfq
train,TECH|KYBR,17,underlyings,rfq
train,TECH|KYBR|BSKR,1,underlyings,rfq
train,TECH|KYBR|DRC,2,underlyings,rfq
train,TECH|KYBR|NABO,3,underlyings,rfq
train,TECH|KYBR|REBL,1,underlyings,rfq
train,TECH|KYBR|SITH,2,underlyings,rfq
train,TECH|MNDO,30,underlyings,rfq
train,TECH|MNDO|BSKR,1,underlyings,rfq
train,TECH|MNDO|JEDI,1,underlyings,rfq
train,TECH|MNDO|NABO,1,underlyings,rfq
train,TECH|MNDO|POBK,1,underlyings,rfq
train,TECH|MNDO|WOOK,2,underlyings,rfq
train,TECH|NABO,20,underlyings,rfq
train,TECH|NABO|BSKR,2,underlyings,rfq
train,TECH|NABO|HTTX,1,underlyings,rfq
train,TECH|NABO|JEDI,1,underlyings,rfq
train,TECH|NABO|KYBR,1,underlyings,rfq
train,TECH|NABO|POBK,2,underlyings,rfq
train,TECH|NABO|REBL,2,underlyings,rfq
train,TECH|NABO|WOOK,2,underlyings,rfq
train,TECH|POBK,36,underlyings,rfq
train,TECH|POBK|BSKR,2,underlyings,rfq
train,TECH|POBK|CORL,1,underlyings,rfq
train,TECH|POBK|DRC,3,underlyings,rfq
train,TECH|POBK|HTTX,1,underlyings,rfq
train,TECH|POBK|JEDI,2,underlyings,rfq
train,TECH|POBK|MNDO,1,underlyings,rfq
train,TECH|POBK|SITH,1,underlyings,rfq
train,TECH|REBL,26,underlyings,rfq
train,TECH|REBL|CORL,2,underlyings,rfq
train,TECH|REBL|KYBR,1,underlyings,rfq
train,TECH|REBL|MNDO,3,underlyings,rfq
train,TECH|REBL|NABO,1,underlyings,rfq
train,TECH|REBL|POBK,1,underlyings,rfq
train,TECH|REBL|SITH,1,underlyings,rfq
train,TECH|REBL|WOOK,1,underlyings,rfq
train,TECH|SITH,34,underlyings,rfq
train,TECH|SITH|BSKR,1,underlyings,rfq
train,TECH|SITH|CLNE,1,underlyings,rfq
train,TECH|SITH|CORL,1,underlyings,rfq
train,TECH|SITH|POBK,1,underlyings,rfq
train,TECH|WOOK,27,underlyings,rfq
train,TECH|WOOK|CLNE,1,underlyings,rfq
train,TECH|WOOK|JEDI,2,underlyings,rfq
train,TECH|WOOK|KYBR,1,underlyings,rfq
train,TECH|WOOK|REBL,1,underlyings,rfq
train,WOOK,250,underlyings,rfq
train,WOOK|BSKR,24,underlyings,rfq
train,WOOK|BSKR|CLNE,1,underlyings,rfq
train,WOOK|BSKR|DRC,2,underlyings,rfq
train,WOOK|BSKR|HTTX,1,underlyings,rfq
train,WOOK|BSKR|MNDO,1,underlyings,rfq
train,WOOK|BSKR|NABO,2,underlyings,rfq
train,WOOK|BSKR|TECH,2,underlyings,rfq
train,WOOK|CLNE,27,underlyings,rfq
train,WOOK|CLNE|BSKR,1,underlyings,rfq
train,WOOK|CLNE|CORL,1,underlyings,rfq
train,WOOK|CLNE|DRC,1,underlyings,rfq
train,WOOK|CLNE|JEDI,1,underlyings,rfq
train,WOOK|CLNE|MNDO,1,underlyings,rfq
train,WOOK|CLNE|TECH,1,underlyings,rfq
train,WOOK|CORL,21,underlyings,rfq
train,WOOK|CORL|CLNE,1,underlyings,rfq
train,WOOK|CORL|HTTX,2,underlyings,rfq
train,WOOK|CORL|JEDI,1,underlyings,rfq
train,WOOK|CORL|KYBR,1,underlyings,rfq
train,WOOK|CORL|NABO,1,underlyings,rfq
train,WOOK|CORL|POBK,1,underlyings,rfq
train,WOOK|CORL|TECH,1,underlyings,rfq
train,WOOK|DRC,22,underlyings,rfq
train,WOOK|DRC|BSKR,1,underlyings,rfq
train,WOOK|DRC|CLNE,1,underlyings,rfq
train,WOOK|DRC|HTTX,3,underlyings,rfq
train,WOOK|DRC|JEDI,3,underlyings,rfq
train,WOOK|DRC|NABO,1,underlyings,rfq
train,WOOK|DRC|POBK,1,underlyings,rfq
train,WOOK|DRC|TECH,1,underlyings,rfq
train,WOOK|HTTX,32,underlyings,rfq
train,WOOK|HTTX|CLNE,1,underlyings,rfq
train,WOOK|HTTX|CORL,1,underlyings,rfq
train,WOOK|HTTX|DRC,2,underlyings,rfq
train,WOOK|HTTX|JEDI,1,underlyings,rfq
train,WOOK|HTTX|KYBR,1,underlyings,rfq
train,WOOK|HTTX|MNDO,1,underlyings,rfq
train,WOOK|HTTX|NABO,1,underlyings,rfq
train,WOOK|HTTX|POBK,1,underlyings,rfq
train,WOOK|HTTX|REBL,1,underlyings,rfq
train,WOOK|JEDI,24,underlyings,rfq
train,WOOK|JEDI|BSKR,1,underlyings,rfq
train,WOOK|JEDI|CORL,1,underlyings,rfq
train,WOOK|JEDI|DRC,1,underlyings,rfq
train,WOOK|JEDI|HTTX,1,underlyings,rfq
train,WOOK|JEDI|KYBR,1,underlyings,rfq
train,WOOK|JEDI|REBL,1,underlyings,rfq
train,WOOK|JEDI|TECH,4,underlyings,rfq
train,WOOK|KYBR,32,underlyings,rfq
train,WOOK|KYBR|CLNE,1,underlyings,rfq
train,WOOK|KYBR|DRC,2,underlyings,rfq
train,WOOK|KYBR|JEDI,2,underlyings,rfq
train,WOOK|KYBR|MNDO,1,underlyings,rfq
train,WOOK|KYBR|NABO,1,underlyings,rfq
train,WOOK|KYBR|REBL,1,underlyings,rfq
train,WOOK|KYBR|TECH,1,underlyings,rfq
train,WOOK|MNDO,29,underlyings,rfq
train,WOOK|MNDO|CORL,1,underlyings,rfq
train,WOOK|MNDO|HTTX,3,underlyings,rfq
train,WOOK|MNDO|JEDI,3,underlyings,rfq
train,WOOK|MNDO|NABO,2,underlyings,rfq
train,WOOK|NABO,34,underlyings,rfq
train,WOOK|NABO|CLNE,1,underlyings,rfq
train,WOOK|NABO|DRC,1,underlyings,rfq
train,WOOK|NABO|HTTX,2,underlyings,rfq
train,WOOK|NABO|JEDI,2,underlyings,rfq
train,WOOK|NABO|MNDO,1,underlyings,rfq
train,WOOK|NABO|POBK,1,underlyings,rfq
train,WOOK|NABO|REBL,1,underlyings,rfq
train,WOOK|NABO|SITH,1,underlyings,rfq
train,WOOK|NABO|TECH,1,underlyings,rfq
train,WOOK|POBK,20,underlyings,rfq
train,WOOK|POBK|CLNE,1,underlyings,rfq
train,WOOK|POBK|KYBR,4,underlyings,rfq
train,WOOK|POBK|NABO,1,underlyings,rfq
train,WOOK|POBK|REBL,1,underlyings,rfq
train,WOOK|POBK|SITH,1,underlyings,rfq
train,WOOK|REBL,26,underlyings,rfq
train,WOOK|REBL|CORL,1,underlyings,rfq
train,WOOK|REBL|HTTX,1,underlyings,rfq
train,WOOK|REBL|JEDI,3,underlyings,rfq
train,WOOK|REBL|KYBR,1,underlyings,rfq
train,WOOK|REBL|POBK,1,underlyings,rfq
train,WOOK|REBL|SITH,2,underlyings,rfq
train,WOOK|SITH,27,underlyings,rfq
train,WOOK|SITH|HTTX,1,underlyings,rfq
train,WOOK|SITH|KYBR,5,underlyings,rfq
train,WOOK|SITH|TECH,2,underlyings,rfq
train,WOOK|TECH,29,underlyings,rfq
train,WOOK|TECH|CLNE,1,underlyings,rfq
train,WOOK|TECH|CORL,1,underlyings,rfq
train,WOOK|TECH|HTTX,1,underlyings,rfq
train,WOOK|TECH|KYBR,2,underlyings,rfq
train,WOOK|TECH|MNDO,1,underlyings,rfq
train,WOOK|TECH|NABO,2,underlyings,rfq
train,WOOK|TECH|REBL,1,underlyings,rfq
validation,BSKR,42,underlyings,rfq
validation,BSKR|CLNE,1,underlyings,rfq
validation,BSKR|CLNE|REBL,1,underlyings,rfq
validation,BSKR|CORL,3,underlyings,rfq
validation,BSKR|DRC,5,underlyings,rfq
validation,BSKR|DRC|CORL,1,underlyings,rfq
validation,BSKR|HTTX,7,underlyings,rfq
validation,BSKR|HTTX|NABO,1,underlyings,rfq
validation,BSKR|HTTX|SITH,1,underlyings,rfq
validation,BSKR|HTTX|TECH,1,underlyings,rfq
validation,BSKR|HTTX|WOOK,1,underlyings,rfq
validation,BSKR|JEDI,6,underlyings,rfq
validation,BSKR|JEDI|DRC,1,underlyings,rfq
validation,BSKR|KYBR,9,underlyings,rfq
validation,BSKR|MNDO,6,underlyings,rfq
validation,BSKR|NABO,4,underlyings,rfq
validation,BSKR|NABO|TECH,2,underlyings,rfq
validation,BSKR|POBK,5,underlyings,rfq
validation,BSKR|POBK|REBL,1,underlyings,rfq
validation,BSKR|REBL,4,underlyings,rfq
validation,BSKR|REBL|CORL,1,underlyings,rfq
validation,BSKR|REBL|POBK,1,underlyings,rfq
validation,BSKR|SITH,2,underlyings,rfq
validation,BSKR|SITH|CORL,1,underlyings,rfq
validation,BSKR|SITH|KYBR,1,underlyings,rfq
validation,BSKR|TECH,1,underlyings,rfq
validation,BSKR|TECH|HTTX,1,underlyings,rfq
validation,BSKR|WOOK,4,underlyings,rfq
validation,BSKR|WOOK|CORL,1,underlyings,rfq
validation,BSKR|WOOK|HTTX,1,underlyings,rfq
validation,CLNE,39,underlyings,rfq
validation,CLNE|BSKR,9,underlyings,rfq
validation,CLNE|CORL,3,underlyings,rfq
validation,CLNE|CORL|HTTX,1,underlyings,rfq
validation,CLNE|CORL|JEDI,1,underlyings,rfq
validation,CLNE|DRC,2,underlyings,rfq
validation,CLNE|DRC|BSKR,1,underlyings,rfq
validation,CLNE|DRC|JEDI,1,underlyings,rfq
validation,CLNE|HTTX,3,underlyings,rfq
validation,CLNE|JEDI,3,underlyings,rfq
validation,CLNE|JEDI|KYBR,1,underlyings,rfq
validation,CLNE|JEDI|REBL,1,underlyings,rfq
validation,CLNE|KYBR,7,underlyings,rfq
validation,CLNE|MNDO,2,underlyings,rfq
validation,CLNE|MNDO|HTTX,1,underlyings,rfq
validation,CLNE|MNDO|REBL,1,underlyings,rfq
validation,CLNE|NABO,3,underlyings,rfq
validation,CLNE|POBK,9,underlyings,rfq
validation,CLNE|POBK|JEDI,1,underlyings,rfq
validation,CLNE|POBK|REBL,1,underlyings,rfq
validation,CLNE|REBL,5,underlyings,rfq
validation,CLNE|REBL|CORL,1,underlyings,rfq
validation,CLNE|SITH|WOOK,1,underlyings,rfq
validation,CLNE|TECH,2,underlyings,rfq
validation,CLNE|TECH|SITH,1,underlyings,rfq
validation,CLNE|WOOK,6,underlyings,rfq
validation,CLNE|WOOK|POBK,2,underlyings,rfq
validation,CORL,34,underlyings,rfq
validation,CORL|BSKR,3,underlyings,rfq
validation,CORL|BSKR|TECH,1,underlyings,rfq
validation,CORL|CLNE,6,underlyings,rfq
validation,CORL|CLNE|TECH,1,underlyings,rfq
validation,CORL|DRC,2,underlyings,rfq
validation,CORL|DRC|JEDI,1,underlyings,rfq
validation,CORL|DRC|POBK,1,underlyings,rfq
validation,CORL|HTTX,9,underlyings,rfq
validation,CORL|HTTX|CLNE,1,underlyings,rfq
validation,CORL|HTTX|REBL,1,underlyings,rfq
validation,CORL|HTTX|SITH,1,underlyings,rfq
validation,CORL|HTTX|WOOK,1,underlyings,rfq
validation,CORL|JEDI,5,underlyings,rfq
validation,CORL|JEDI|BSKR,1,underlyings,rfq
validation,CORL|JEDI|HTTX,1,underlyings,rfq
validation,CORL|KYBR,7,underlyings,rfq
validation,CORL|KYBR|CLNE,1,underlyings,rfq
validation,CORL|MNDO,4,underlyings,rfq
validation,CORL|MNDO|SITH,1,underlyings,rfq
validation,CORL|MNDO|WOOK,1,underlyings,rfq
validation,CORL|NABO,5,underlyings,rfq
validation,CORL|NABO|DRC,1,underlyings,rfq
validation,CORL|POBK,4,underlyings,rfq
validation,CORL|REBL,4,underlyings,rfq
validation,CORL|REBL|MNDO,1,underlyings,rfq
validation,CORL|REBL|NABO,1,underlyings,rfq
validation,CORL|REBL|WOOK,1,underlyings,rfq
validation,CORL|SITH,9,underlyings,rfq
validation,CORL|SITH|BSKR,1,underlyings,rfq
validation,CORL|SITH|DRC,1,underlyings,rfq
validation,CORL|SITH|WOOK,1,underlyings,rfq
validation,CORL|TECH,1,underlyings,rfq
validation,CORL|TECH|HTTX,1,underlyings,rfq
validation,CORL|TECH|MNDO,1,underlyings,rfq
validation,CORL|TECH|NABO,1,underlyings,rfq
validation,CORL|WOOK,5,underlyings,rfq
validation,CORL|WOOK|DRC,1,underlyings,rfq
validation,DRC,31,underlyings,rfq
validation,DRC|BSKR,5,underlyings,rfq
validation,DRC|BSKR|CLNE,1,underlyings,rfq
validation,DRC|CLNE,3,underlyings,rfq
validation,DRC|CLNE|REBL,1,underlyings,rfq
validation,DRC|CLNE|WOOK,1,underlyings,rfq
validation,DRC|CORL,6,underlyings,rfq
validation,DRC|CORL|HTTX,1,underlyings,rfq
validation,DRC|CORL|SITH,1,underlyings,rfq
validation,DRC|HTTX,4,underlyings,rfq
validation,DRC|HTTX|POBK,1,underlyings,rfq
validation,DRC|JEDI,3,underlyings,rfq
validation,DRC|KYBR,4,underlyings,rfq
validation,DRC|KYBR|WOOK,1,underlyings,rfq
validation,DRC|MNDO,2,underlyings,rfq
validation,DRC|MNDO|BSKR,1,underlyings,rfq
validation,DRC|MNDO|HTTX,1,underlyings,rfq
validation,DRC|NABO,9,underlyings,rfq
validation,DRC|NABO|POBK,1,underlyings,rfq
validation,DRC|NABO|WOOK,1,underlyings,rfq
validation,DRC|POBK,5,underlyings,rfq
validation,DRC|REBL,6,underlyings,rfq
validation,DRC|REBL|HTTX,1,underlyings,rfq
validation,DRC|REBL|SITH,1,underlyings,rfq
validation,DRC|SITH,5,underlyings,rfq
validation,DRC|SITH|CLNE,1,underlyings,rfq
validation,DRC|SITH|NABO,1,underlyings,rfq
validation,DRC|TECH,12,underlyings,rfq
validation,DRC|WOOK,3,underlyings,rfq
validation,DRC|WOOK|REBL,1,underlyings,rfq
validation,HTTX,50,underlyings,rfq
validation,HTTX|BSKR,6,underlyings,rfq
validation,HTTX|BSKR|CLNE,1,underlyings,rfq
validation,HTTX|BSKR|POBK,1,underlyings,rfq
validation,HTTX|CLNE,7,underlyings,rfq
validation,HTTX|CLNE|JEDI,1,underlyings,rfq
validation,HTTX|CORL,6,underlyings,rfq
validation,HTTX|CORL|KYBR,1,underlyings,rfq
validation,HTTX|DRC,3,underlyings,rfq
validation,HTTX|DRC|TECH,1,underlyings,rfq
validation,HTTX|JEDI,1,underlyings,rfq
validation,HTTX|JEDI|CORL,1,underlyings,rfq
validation,HTTX|KYBR,2,underlyings,rfq
validation,HTTX|KYBR|CLNE,1,underlyings,rfq
validation,HTTX|MNDO,6,underlyings,rfq
validation,HTTX|MNDO|CLNE,1,underlyings,rfq
validation,HTTX|MNDO|NABO,1,underlyings,rfq
validation,HTTX|NABO,4,underlyings,rfq
validation,HTTX|POBK,2,underlyings,rfq
validation,HTTX|POBK|JEDI,1,underlyings,rfq
validation,HTTX|POBK|KYBR,1,underlyings,rfq
validation,HTTX|POBK|MNDO,1,underlyings,rfq
validation,HTTX|POBK|NABO,2,underlyings,rfq
validation,HTTX|POBK|REBL,1,underlyings,rfq
validation,HTTX|REBL,6,underlyings,rfq
validation,HTTX|REBL|CLNE,1,underlyings,rfq
validation,HTTX|SITH,1,underlyings,rfq
validation,HTTX|SITH|KYBR,1,underlyings,rfq
validation,HTTX|SITH|TECH,1,underlyings,rfq
validation,HTTX|TECH,8,underlyings,rfq
validation,HTTX|TECH|POBK,1,underlyings,rfq
validation,HTTX|WOOK,6,underlyings,rfq
validation,HTTX|WOOK|BSKR,1,underlyings,rfq
validation,HTTX|WOOK|JEDI,1,underlyings,rfq
validation,JEDI,27,underlyings,rfq
validation,JEDI|BSKR,3,underlyings,rfq
validation,JEDI|BSKR|WOOK,1,underlyings,rfq
validation,JEDI|CLNE,1,underlyings,rfq
validation,JEDI|CLNE|BSKR,1,underlyings,rfq
validation,JEDI|CLNE|TECH,2,underlyings,rfq
validation,JEDI|CORL,4,underlyings,rfq
validation,JEDI|CORL|MNDO,1,underlyings,rfq
validation,JEDI|CORL|REBL,1,underlyings,rfq
validation,JEDI|DRC,4,underlyings,rfq
validation,JEDI|DRC|BSKR,1,underlyings,rfq
validation,JEDI|DRC|SITH,1,underlyings,rfq
validation,JEDI|HTTX,3,underlyings,rfq
validation,JEDI|HTTX|KYBR,1,underlyings,rfq
validation,JEDI|KYBR,6,underlyings,rfq
validation,JEDI|MNDO,6,underlyings,rfq
validation,JEDI|MNDO|KYBR,1,underlyings,rfq
validation,JEDI|MNDO|NABO,1,underlyings,rfq
validation,JEDI|NABO,3,underlyings,rfq
validation,JEDI|NABO|BSKR,1,underlyings,rfq
validation,JEDI|NABO|MNDO,1,underlyings,rfq
validation,JEDI|POBK,3,underlyings,rfq
validation,JEDI|POBK|HTTX,1,underlyings,rfq
validation,JEDI|REBL,1,underlyings,rfq
validation,JEDI|REBL|DRC,2,underlyings,rfq
validation,JEDI|SITH,2,underlyings,rfq
validation,JEDI|TECH,4,underlyings,rfq
validation,JEDI|TECH|CORL,1,underlyings,rfq
validation,JEDI|TECH|SITH,1,underlyings,rfq
validation,JEDI|WOOK,8,underlyings,rfq
validation,KYBR,30,underlyings,rfq
validation,KYBR|BSKR,2,underlyings,rfq
validation,KYBR|BSKR|CORL,1,underlyings,rfq
validation,KYBR|CLNE,3,underlyings,rfq
validation,KYBR|CLNE|CORL,1,underlyings,rfq
validation,KYBR|CLNE|MNDO,1,underlyings,rfq
validation,KYBR|CLNE|SITH,1,underlyings,rfq
validation,KYBR|CORL,3,underlyings,rfq
validation,KYBR|CORL|WOOK,1,underlyings,rfq
validation,KYBR|DRC,2,underlyings,rfq
validation,KYBR|DRC|REBL,1,underlyings,rfq
validation,KYBR|DRC|TECH,1,underlyings,rfq
validation,KYBR|HTTX,3,underlyings,rfq
validation,KYBR|JEDI,5,underlyings,rfq
validation,KYBR|MNDO,6,underlyings,rfq
validation,KYBR|MNDO|POBK,1,underlyings,rfq
validation,KYBR|NABO,3,underlyings,rfq
validation,KYBR|NABO|SITH,1,underlyings,rfq
validation,KYBR|POBK,6,underlyings,rfq
validation,KYBR|REBL,5,underlyings,rfq
validation,KYBR|SITH,5,underlyings,rfq
validation,KYBR|SITH|CLNE,1,underlyings,rfq
validation,KYBR|TECH,3,underlyings,rfq
validation,KYBR|WOOK,6,underlyings,rfq
validation,KYBR|WOOK|SITH,1,underlyings,rfq
validation,MNDO,29,underlyings,rfq
validation,MNDO|BSKR,4,underlyings,rfq
validation,MNDO|BSKR|DRC,1,underlyings,rfq
validation,MNDO|CLNE,5,underlyings,rfq
validation,MNDO|CLNE|NABO,1,underlyings,rfq
validation,MNDO|CLNE|SITH,1,underlyings,rfq
validation,MNDO|CORL,2,underlyings,rfq
validation,MNDO|DRC,3,underlyings,rfq
validation,MNDO|DRC|JEDI,1,underlyings,rfq
validation,MNDO|HTTX,2,underlyings,rfq
validation,MNDO|HTTX|CORL,1,underlyings,rfq
validation,MNDO|HTTX|DRC,1,underlyings,rfq
validation,MNDO|HTTX|REBL,1,underlyings,rfq
validation,MNDO|JEDI,7,underlyings,rfq
validation,MNDO|KYBR,5,underlyings,rfq
validation,MNDO|KYBR|HTTX,1,underlyings,rfq
validation,MNDO|KYBR|JEDI,1,underlyings,rfq
validation,MNDO|KYBR|WOOK,1,underlyings,rfq
validation,MNDO|NABO,5,underlyings,rfq
validation,MNDO|POBK,4,underlyings,rfq
validation,MNDO|POBK|BSKR,1,underlyings,rfq
validation,MNDO|POBK|WOOK,1,underlyings,rfq
validation,MNDO|REBL,6,underlyings,rfq
validation,MNDO|REBL|HTTX,1,underlyings,rfq
validation,MNDO|REBL|JEDI,1,underlyings,rfq
validation,MNDO|SITH,4,underlyings,rfq
validation,MNDO|SITH|CORL,1,underlyings,rfq
validation,MNDO|TECH,3,underlyings,rfq
validation,MNDO|TECH|JEDI,1,underlyings,rfq
validation,MNDO|TECH|REBL,1,underlyings,rfq
validation,MNDO|WOOK,3,underlyings,rfq
validation,MNDO|WOOK|REBL,1,underlyings,rfq
validation,NABO,40,underlyings,rfq
validation,NABO|BSKR,1,underlyings,rfq
validation,NABO|BSKR|MNDO,1,underlyings,rfq
validation,NABO|CLNE,3,underlyings,rfq
validation,NABO|CLNE|DRC,1,underlyings,rfq
validation,NABO|CLNE|KYBR,1,underlyings,rfq
validation,NABO|CLNE|MNDO,1,underlyings,rfq
validation,NABO|CORL,3,underlyings,rfq
validation,NABO|DRC,4,underlyings,rfq
validation,NABO|DRC|SITH,1,underlyings,rfq
validation,NABO|HTTX,3,underlyings,rfq
validation,NABO|HTTX|KYBR,1,underlyings,rfq
validation,NABO|HTTX|MNDO,2,underlyings,rfq
validation,NABO|JEDI,4,underlyings,rfq
validation,NABO|JEDI|REBL,1,underlyings,rfq
validation,NABO|KYBR,8,underlyings,rfq
validation,NABO|KYBR|BSKR,1,underlyings,rfq
validation,NABO|KYBR|SITH,1,underlyings,rfq
validation,NABO|KYBR|WOOK,1,underlyings,rfq
validation,NABO|MNDO,5,underlyings,rfq
validation,NABO|MNDO|JEDI,1,underlyings,rfq
validation,NABO|POBK,2,underlyings,rfq
validation,NABO|POBK|JEDI,1,underlyings,rfq
validation,NABO|POBK|REBL,1,underlyings,rfq
validation,NABO|REBL,5,underlyings,rfq
validation,NABO|REBL|SITH,1,underlyings,rfq
validation,NABO|SITH,8,underlyings,rfq
validation,NABO|SITH|BSKR,2,underlyings,rfq
validation,NABO|SITH|HTTX,1,underlyings,rfq
validation,NABO|SITH|TECH,1,underlyings,rfq
validation,NABO|TECH,6,underlyings,rfq
validation,NABO|TECH|REBL,1,underlyings,rfq
validation,NABO|WOOK,4,underlyings,rfq
validation,NABO|WOOK|CORL,1,underlyings,rfq
validation,POBK,42,underlyings,rfq
validation,POBK|BSKR,5,underlyings,rfq
validation,POBK|BSKR|JEDI,1,underlyings,rfq
validation,POBK|CLNE,4,underlyings,rfq
validation,POBK|CORL,5,underlyings,rfq
validation,POBK|CORL|BSKR,1,underlyings,rfq
validation,POBK|CORL|JEDI,1,underlyings,rfq
validation,POBK|DRC,2,underlyings,rfq
validation,POBK|DRC|MNDO,1,underlyings,rfq
validation,POBK|HTTX,3,underlyings,rfq
validation,POBK|HTTX|CORL,1,underlyings,rfq
validation,POBK|JEDI|BSKR,1,underlyings,rfq
validation,POBK|JEDI|WOOK,1,underlyings,rfq
validation,POBK|KYBR,6,underlyings,rfq
validation,POBK|KYBR|REBL,1,underlyings,rfq
validation,POBK|KYBR|WOOK,1,underlyings,rfq
validation,POBK|MNDO,3,underlyings,rfq
validation,POBK|NABO,2,underlyings,rfq
validation,POBK|NABO|MNDO,1,underlyings,rfq
validation,POBK|REBL,5,underlyings,rfq
validation,POBK|SITH,6,underlyings,rfq
validation,POBK|SITH|KYBR,1,underlyings,rfq
validation,POBK|SITH|REBL,1,underlyings,rfq
validation,POBK|TECH,8,underlyings,rfq
validation,POBK|TECH|HTTX,1,underlyings,rfq
validation,POBK|TECH|NABO,1,underlyings,rfq
validation,POBK|WOOK,6,underlyings,rfq
validation,POBK|WOOK|NABO,1,underlyings,rfq
validation,REBL,46,underlyings,rfq
validation,REBL|BSKR,7,underlyings,rfq
validation,REBL|BSKR|WOOK,1,underlyings,rfq
validation,REBL|CLNE,4,underlyings,rfq
validation,REBL|CORL,4,underlyings,rfq
validation,REBL|CORL|KYBR,1,underlyings,rfq
validation,REBL|DRC,2,underlyings,rfq
validation,REBL|DRC|KYBR,1,underlyings,rfq
validation,REBL|DRC|NABO,1,underlyings,rfq
validation,REBL|DRC|WOOK,1,underlyings,rfq
validation,REBL|HTTX,5,underlyings,rfq
validation,REBL|HTTX|JEDI,1,underlyings,rfq
validation,REBL|HTTX|KYBR,1,underlyings,rfq
validation,REBL|HTTX|SITH,1,underlyings,rfq
validation,REBL|HTTX|TECH,2,underlyings,rfq
validation,REBL|JEDI,2,underlyings,rfq
validation,REBL|KYBR,3,underlyings,rfq
validation,REBL|KYBR|HTTX,1,underlyings,rfq
validation,REBL|MNDO,6,underlyings,rfq
validation,REBL|MNDO|CLNE,1,underlyings,rfq
validation,REBL|NABO,4,underlyings,rfq
validation,REBL|NABO|BSKR,2,underlyings,rfq
validation,REBL|NABO|SITH,1,underlyings,rfq
validation,REBL|NABO|WOOK,1,underlyings,rfq
validation,REBL|POBK,3,underlyings,rfq
validation,REBL|POBK|CORL,1,underlyings,rfq
validation,REBL|POBK|HTTX,1,underlyings,rfq
validation,REBL|SITH,7,underlyings,rfq
validation,REBL|SITH|CLNE,1,underlyings,rfq
validation,REBL|SITH|NABO,1,underlyings,rfq
validation,REBL|SITH|TECH,1,underlyings,rfq
validation,REBL|TECH,5,underlyings,rfq
validation,REBL|TECH|JEDI,1,underlyings,rfq
validation,REBL|TECH|NABO,1,underlyings,rfq
validation,REBL|WOOK,7,underlyings,rfq
validation,REBL|WOOK|HTTX,1,underlyings,rfq
validation,SITH,42,underlyings,rfq
validation,SITH|BSKR,2,underlyings,rfq
validation,SITH|BSKR|CORL,1,underlyings,rfq
validation,SITH|CLNE,5,underlyings,rfq
validation,SITH|CLNE|NABO,1,underlyings,rfq
validation,SITH|CORL,5,underlyings,rfq
validation,SITH|CORL|KYBR,1,underlyings,rfq
validation,SITH|DRC,6,underlyings,rfq
validation,SITH|DRC|JEDI,1,underlyings,rfq
validation,SITH|DRC|MNDO,1,underlyings,rfq
validation,SITH|HTTX,4,underlyings,rfq
validation,SITH|HTTX|KYBR,1,underlyings,rfq
validation,SITH|HTTX|TECH,1,underlyings,rfq
validation,SITH|JEDI,4,underlyings,rfq
validation,SITH|JEDI|CORL,2,underlyings,rfq
validation,SITH|KYBR,4,underlyings,rfq
validation,SITH|MNDO,6,underlyings,rfq
validation,SITH|MNDO|CLNE,1,underlyings,rfq
validation,SITH|MNDO|REBL,1,underlyings,rfq
validation,SITH|NABO,3,underlyings,rfq
validation,SITH|POBK,3,underlyings,rfq
validation,SITH|REBL,4,underlyings,rfq
validation,SITH|REBL|CORL,1,underlyings,rfq
validation,SITH|TECH,4,underlyings,rfq
validation,SITH|TECH|BSKR,1,underlyings,rfq
validation,SITH|TECH|KYBR,1,underlyings,rfq
validation,SITH|TECH|POBK,1,underlyings,rfq
validation,SITH|WOOK,7,underlyings,rfq
validation,SITH|WOOK|JEDI,1,underlyings,rfq
validation,TECH,36,underlyings,rfq
validation,TECH|BSKR,3,underlyings,rfq
validation,TECH|BSKR|CORL,1,underlyings,rfq
validation,TECH|BSKR|SITH,1,underlyings,rfq
validation,TECH|CLNE,3,underlyings,rfq
validation,TECH|CLNE|WOOK,1,underlyings,rfq
validation,TECH|CORL,4,underlyings,rfq
validation,TECH|CORL|REBL,1,underlyings,rfq
validation,TECH|DRC,4,underlyings,rfq
validation,TECH|HTTX,2,underlyings,rfq
validation,TECH|HTTX|CLNE,1,underlyings,rfq
validation,TECH|HTTX|MNDO,1,underlyings,rfq
validation,TECH|JEDI,3,underlyings,rfq
validation,TECH|JEDI|CORL,1,underlyings,rfq
validation,TECH|KYBR,8,underlyings,rfq
validation,TECH|KYBR|DRC,1,underlyings,rfq
validation,TECH|KYBR|REBL,1,underlyings,rfq
validation,TECH|MNDO,7,underlyings,rfq
validation,TECH|NABO,5,underlyings,rfq
validation,TECH|NABO|KYBR,1,underlyings,rfq
validation,TECH|POBK,5,underlyings,rfq
validation,TECH|REBL,6,underlyings,rfq
validation,TECH|REBL|BSKR,1,underlyings,rfq
validation,TECH|REBL|NABO,1,underlyings,rfq
validation,TECH|SITH,2,underlyings,rfq
validation,TECH|WOOK,5,underlyings,rfq
validation,WOOK,46,underlyings,rfq
validation,WOOK|BSKR,6,underlyings,rfq
validation,WOOK|BSKR|JEDI,1,underlyings,rfq
validation,WOOK|CLNE,3,underlyings,rfq
validation,WOOK|CLNE|BSKR,1,underlyings,rfq
validation,WOOK|CLNE|NABO,1,underlyings,rfq
validation,WOOK|CLNE|SITH,1,underlyings,rfq
validation,WOOK|CORL,1,underlyings,rfq
validation,WOOK|CORL|SITH,1,underlyings,rfq
validation,WOOK|DRC,5,underlyings,rfq
validation,WOOK|DRC|JEDI,1,underlyings,rfq
validation,WOOK|DRC|KYBR,1,underlyings,rfq
validation,WOOK|DRC|TECH,1,underlyings,rfq
validation,WOOK|HTTX,6,underlyings,rfq
validation,WOOK|HTTX|REBL,1,underlyings,rfq
validation,WOOK|HTTX|TECH,1,underlyings,rfq
validation,WOOK|JEDI,8,underlyings,rfq
validation,WOOK|JEDI|SITH,1,underlyings,rfq
validation,WOOK|KYBR,5,underlyings,rfq
validation,WOOK|KYBR|MNDO,1,underlyings,rfq
validation,WOOK|MNDO,2,underlyings,rfq
validation,WOOK|MNDO|NABO,1,underlyings,rfq
validation,WOOK|MNDO|TECH,1,underlyings,rfq
validation,WOOK|NABO,3,underlyings,rfq
validation,WOOK|NABO|DRC,1,underlyings,rfq
validation,WOOK|NABO|MNDO,1,underlyings,rfq
validation,WOOK|POBK,2,underlyings,rfq
validation,WOOK|POBK|BSKR,1,underlyings,rfq
validation,WOOK|REBL,5,underlyings,rfq
validation,WOOK|REBL|POBK,3,underlyings,rfq
validation,WOOK|SITH,5,underlyings,rfq
validation,WOOK|TECH,6,underlyings,rfq
validation,WOOK|TECH|CLNE,1,underlyings,rfq
train,BSKR,1299,underlying,underlying
train,CLNE,1273,underlying,underlying
train,CORL,1281,underlying,underlying
train,DRC,1246,underlying,underlying
train,HTTX,1266,underlying,underlying
train,JEDI,1357,underlying,underlying
train,KYBR,1242,underlying,underlying
train,MNDO,1269,underlying,underlying
train,NABO,1286,underlying,underlying
train,POBK,1240,underlying,underlying
train,REBL,1285,underlying,underlying
train,SITH,1284,underlying,underlying
train,TECH,1329,underlying,underlying
train,WOOK,1300,underlying,underlying
validation,BSKR,206,underlying,underlying
validation,CLNE,191,underlying,underlying
validation,CORL,205,underlying,underlying
validation,DRC,190,underlying,underlying
validation,HTTX,228,underlying,underlying
validation,JEDI,178,underlying,underlying
validation,KYBR,200,underlying,underlying
validation,MNDO,194,underlying,underlying
validation,NABO,205,underlying,underlying
validation,POBK,195,underlying,underlying
validation,REBL,234,underlying,underlying
validation,SITH,213,underlying,underlying
validation,TECH,205,underlying,underlying
validation,WOOK,228,underlying,underlying
train,Agricultura y biotecnologia,1286,sector,underlying
train,Comercio y materias primas,1266,sector,underlying
train,Consumo y distribucion,1246,sector,underlying
train,Defensa y armamento,1269,sector,underlying
train,Energia e infraestructuras,1284,sector,underlying
train,Gestion patrimonial,1357,sector,underlying
train,Logistica y transporte,1281,sector,underlying
train,Manufactura,1300,sector,underlying
train,Metales y aleaciones,1299,sector,underlying
train,Mineria de materiales estrategicos,1242,sector,underlying
train,Ocio y entretenimiento,1240,sector,underlying
train,Renta fija especulativa,1285,sector,underlying
train,Servicios y personal,1273,sector,underlying
train,Tecnologia y automatizacion,1329,sector,underlying
validation,Agricultura y biotecnologia,205,sector,underlying
validation,Comercio y materias primas,228,sector,underlying
validation,Consumo y distribucion,190,sector,underlying
validation,Defensa y armamento,194,sector,underlying
validation,Energia e infraestructuras,213,sector,underlying
validation,Gestion patrimonial,178,sector,underlying
validation,Logistica y transporte,205,sector,underlying
validation,Manufactura,228,sector,underlying
validation,Metales y aleaciones,206,sector,underlying
validation,Mineria de materiales estrategicos,200,sector,underlying
validation,Ocio y entretenimiento,195,sector,underlying
validation,Renta fija especulativa,234,sector,underlying
validation,Servicios y personal,191,sector,underlying
validation,Tecnologia y automatizacion,205,sector,underlying
